City	Shape	State	lat	long
Wylie	Unknown	TX	33.023	-96.5149
Wimberley	Unknown	TX	29.9801	-98.0939
Wills Point	Unknown	TX	32.7076	-96.0088
Willis	Unknown	TX	30.4245	-95.4799
Wichita Falls	Unknown	TX	33.9083	-98.501
Whitney	Unknown	TX	31.9519	-97.3218
West Tawakoni	Unknown	TX	32.9035	-96.0367
Weatherford	Unknown	TX	32.759	-97.801
Watauga	Unknown	TX	32.8746	-97.255
Vidor	Unknown	TX	30.1245	-94.0127
Victoria	Unknown	TX	28.8059	-97.0036
Van Alstyne	Unknown	TX	33.4218	-96.5768
Uvalde	Unknown	TX	29.2073	-99.7938
Tyler	Unknown	TX	32.3476	-95.2943
Tuscola	Unknown	TX	32.2096	-99.7971
Troy	Unknown	TX	31.2068	-97.3022
Tomball	Unknown	TX	30.0958	-95.6171
The Woodlands	Unknown	TX	30.1575	-95.4558
The Colony	Unknown	TX	33.0979	-96.8925
Texas City	Unknown	TX	29.3928	-94.9251
Texarkana	Unknown	TX	33.4256	-94.0482
Terrell	Unknown	TX	32.7378	-96.2749
Sunrise Beach Village	Unknown	TX	30.5943	-98.4254
Stephenville	Unknown	TX	32.2203	-98.202
Stafford	Unknown	TX	29.6148	-95.5571
Spring Branch	Unknown	TX	29.9205	-98.4107
Spring	Unknown	TX	30.0845	-95.4193
Splendora	Unknown	TX	30.2331	-95.1628
Spearman	Unknown	TX	36.1982	-101.191
Southlake	Unknown	TX	32.9426	-97.1312
South Padre Island	Unknown	TX	26.1185	-97.1699
Sonora	Unknown	TX	30.5671	-100.6439
Smithville	Unknown	TX	30.0087	-97.16
Sidney	Unknown	TX	31.9557	-98.7366
Sherman	Unknown	TX	33.636	-96.6091
Shady Shores	Unknown	TX	33.1655	-97.0306
Seguin	Unknown	TX	29.5695	-97.9647
Seabrook	Unknown	TX	29.564	-95.0245
Schulenburg	Unknown	TX	29.6821	-96.9038
Santa Fe	Unknown	TX	29.3704	-95.0826
San Marcos	Unknown	TX	29.8861	-97.9282
San Juan	Unknown	TX	26.1877	-98.147
San Diego	Unknown	TX	27.7643	-98.2394
San Antonio	Unknown	TX	29.4246	-98.4946
San Angelo	Unknown	TX	31.4615	-100.4424
Rowlett	Unknown	TX	32.901	-96.5696
Round Rock	Unknown	TX	30.509	-97.6772
Rocksprings	Unknown	TX	30.0157	-100.21
Roanoke	Unknown	TX	32.9982	-97.2295
River Oaks	Unknown	TX	32.7786	-97.3933
Richmond	Unknown	TX	29.5827	-95.7622
Richardson	Unknown	TX	32.9607	-96.733
Rhome	Unknown	TX	33.0551	-97.4727
Post	Unknown	TX	33.1909	-101.3776
Port Neches	Unknown	TX	29.9914	-93.9586
Pleasanton	Unknown	TX	28.9674	-98.4788
Plano	Unknown	TX	33.0208	-96.6992
Pittsburg	Unknown	TX	32.9956	-94.9671
Pasadena	Unknown	TX	29.6908	-95.1957
Paris	Unknown	TX	33.6613	-95.5636
Panhandle	Unknown	TX	35.3531	-101.3818
Palestine	Unknown	TX	31.7617	-95.632
Paint Rock	Unknown	TX	31.5085	-99.92
Odessa	Unknown	TX	31.8492	-102.3752
New Braunfels	Unknown	TX	29.6989	-98.1209
New Boston	Unknown	TX	33.4603	-94.4171
Nevada	Unknown	TX	33.0384	-96.375
Nacogdoches	Unknown	TX	31.6036	-94.6556
Muenster	Unknown	TX	33.652	-97.3763
Montgomery	Unknown	TX	30.3886	-95.6963
Monahans	Unknown	TX	31.5953	-102.8933
Mineola	Unknown	TX	32.664	-95.4879
Midland	Unknown	TX	32	-102.0745
Mesquite	Unknown	TX	32.7834	-96.6021
Megargel	Unknown	TX	33.4504	-98.9272
McKinney	Unknown	TX	33.199	-96.615
Maypearl	Unknown	TX	32.3138	-97.0114
Mansfield	Unknown	TX	32.5651	-97.1419
Manor	Unknown	TX	30.3408	-97.5561
Lumberton	Unknown	TX	30.2674	-94.1999
Lubbock	Unknown	TX	33.5845	-101.845
Longview	Unknown	TX	32.5006	-94.7406
Lindsay	Unknown	TX	33.6403	-97.2254
Liberty Hill	Unknown	TX	30.664	-97.922
Lexington	Unknown	TX	30.4162	-97.01
Lewisville	Unknown	TX	33.0472	-96.9959
Levelland	Unknown	TX	33.5873	-102.3786
Leander	Unknown	TX	30.5791	-97.853
League City	Unknown	TX	29.5025	-95.0946
Laredo	Unknown	TX	27.5309	-99.5022
Lakeway	Unknown	TX	30.3627	-97.98
Lake Worth	Unknown	TX	32.8113	-97.4362
Lake Jackson	Unknown	TX	29.0344	-95.4463
Krum	Unknown	TX	33.2614	-97.2378
Killeen	Unknown	TX	31.1169	-97.7274
Kerrville	Unknown	TX	30.0516	-99.1453
Kermit	Unknown	TX	31.8478	-103.0852
Kemah	Unknown	TX	29.5431	-95.0183
Keller	Unknown	TX	32.9309	-97.2265
Katy	Unknown	TX	29.7877	-95.8233
Junction	Unknown	TX	30.4893	-99.7714
Joshua	Unknown	TX	32.4629	-97.3885
Jasper	Unknown	TX	30.9216	-93.9969
Irving	Unknown	TX	32.8135	-96.9555
Iola	Unknown	TX	30.7724	-96.0741
Ingleside	Unknown	TX	27.8812	-97.2089
Humble	Unknown	TX	30.0002	-95.2686
Houston	Unknown	TX	29.7606	-95.3697
Holland	Unknown	TX	30.8791	-97.4014
Hockley	Unknown	TX	30.0264	-95.846
High Island	Unknown	TX	29.562	-94.3946
Hewitt	Unknown	TX	31.465	-97.1975
Henderson	Unknown	TX	32.1533	-94.7993
Haltom City	Unknown	TX	32.8096	-97.2746
Gunter	Unknown	TX	33.4469	-96.7434
Gun Barrel City	Unknown	TX	32.3309	-96.1467
Groveton	Unknown	TX	31.0556	-95.1273
Grand Prairie	Unknown	TX	32.7477	-97.0072
Gorman	Unknown	TX	32.2169	-98.6672
Goldthwaite	Unknown	TX	31.4509	-98.568
Gladewater	Unknown	TX	32.5363	-94.9429
Gatesville	Unknown	TX	31.4349	-97.7437
Garland	Unknown	TX	32.9143	-96.6365
Garden Ridge	Unknown	TX	29.6509	-98.3015
Fulton	Unknown	TX	28.0626	-97.0412
Frisco	Unknown	TX	33.1506	-96.8335
Friendswood	Unknown	TX	29.53	-95.2002
Freer	Unknown	TX	27.8827	-98.6177
Fred	Unknown	TX	30.5812	-94.1761
Fowlerton	Unknown	TX	28.473	-98.8047
Fort Worth	Unknown	TX	32.751	-97.3309
Fort Hood	Unknown	TX	31.1227	-97.7984
Fort Davis	Unknown	TX	30.5885	-103.8947
Floresville	Unknown	TX	29.133	-98.1566
Euless	Unknown	TX	32.8397	-97.0915
El Paso	Unknown	TX	31.7592	-106.4875
Edroy	Unknown	TX	27.9736	-97.6763
Edna	Unknown	TX	28.9781	-96.6462
Edinburg	Unknown	TX	26.3012	-98.1608
Eastland	Unknown	TX	32.4014	-98.8181
Eagle Pass	Unknown	TX	28.7092	-100.4996
DFW Airport	Unknown	TX	32.8749	-97.0433
Denton	Unknown	TX	33.2166	-97.1316
Dell City	Unknown	TX	31.9381	-105.2012
Del Valle	Unknown	TX	30.2144	-97.6578
Dayton	Unknown	TX	30.0448	-94.8885
Dallas	Unknown	TX	32.7782	-96.7954
D'Hanis	Unknown	TX	29.332	-99.2749
Cypress	Unknown	TX	29.9758	-95.6779
Cumby	Unknown	TX	33.1375	-95.84
Cross Roads	Unknown	TX	33.2308	-97.003
Crosby	Unknown	TX	29.9066	-95.065
Crockett	Unknown	TX	31.3177	-95.4572
Crandall	Unknown	TX	32.6276	-96.451
Cotulla	Unknown	TX	28.4386	-99.2415
Corpus Christi	Unknown	TX	27.7964	-97.4037
Copperas Cove	Unknown	TX	31.1242	-97.9036
Coppell	Unknown	TX	32.9765	-96.9913
Conroe	Unknown	TX	30.3122	-95.4559
Comanche	Unknown	TX	31.8974	-98.6033
Columbus	Unknown	TX	29.7064	-96.5463
Colmesneil	Unknown	TX	30.9063	-94.4213
College Station	Unknown	TX	30.6205	-96.3259
Coleman	Unknown	TX	31.8272	-99.4268
Cleburne	Unknown	TX	32.3504	-97.3876
Claude	Unknown	TX	35.1097	-101.3594
Cibolo	Unknown	TX	29.5585	-98.2251
Channelview	Unknown	TX	29.7776	-95.1125
Cedar Park	Unknown	TX	30.5066	-97.8219
Cedar Creek	Unknown	TX	30.0863	-97.5006
Carthage	Unknown	TX	32.166	-94.3418
Carrollton	Unknown	TX	32.9756	-96.8902
Canyon	Unknown	TX	34.9856	-101.9363
Canadian	Unknown	TX	35.9146	-100.3844
Caddo Mills	Unknown	TX	33.0656	-96.2269
Burleson	Unknown	TX	32.5631	-97.3217
Bryan	Unknown	TX	30.671	-96.3704
Brownwood	Unknown	TX	31.7253	-98.9807
Brookston	Unknown	TX	33.6236	-95.6996
Broaddus	Unknown	TX	31.3068	-94.2692
Brenham	Unknown	TX	30.166	-96.4
Brazoria	Unknown	TX	29.0497	-95.562
Brady	Unknown	TX	31.1348	-99.3365
Boyd	Unknown	TX	33.0786	-97.5608
Bovina	Unknown	TX	34.5136	-102.8835
Bonham	Unknown	TX	33.5785	-96.178
Boerne	Unknown	TX	29.7896	-98.7293
Big Bend National Park	Unknown	TX	29.3282	-103.2061
Belton	Unknown	TX	31.0571	-97.4635
Beeville	Unknown	TX	28.402	-97.7494
Bedford	Unknown	TX	32.8405	-97.1419
Beaumont	Unknown	TX	30.0862	-94.1014
Baytown	Unknown	TX	29.7286	-94.9966
Bay City	Unknown	TX	28.983	-95.9694
Batesville	Unknown	TX	28.9609	-99.6216
Bastrop	Unknown	TX	30.1105	-97.3194
Bangs	Unknown	TX	31.7168	-99.1319
Ballinger	Unknown	TX	31.7396	-99.9471
Azle	Unknown	TX	32.8835	-97.5371
Austin	Unknown	TX	30.2676	-97.743
Athens	Unknown	TX	32.2043	-95.8555
Atascocita	Unknown	TX	29.9985	-95.1777
Arlington	Unknown	TX	32.7356	-97.1077
Andrews	Unknown	TX	32.319	-102.5467
Amarillo	Unknown	TX	35.2073	-101.8339
Alvin	Unknown	TX	29.4238	-95.2454
Allen	Unknown	TX	33.1011	-96.6745
Adkins	Unknown	TX	29.385	-98.2394
Addison	Unknown	TX	32.954	-96.8177
Abilene	Unknown	TX	32.4492	-99.7414
Wylie	Triangle	TX	33.023	-96.5149
Woodville	Triangle	TX	30.7753	-94.4143
Winnie	Triangle	TX	29.8204	-94.3847
Wimberley	Triangle	TX	29.9801	-98.0939
Wichita Falls	Triangle	TX	33.9083	-98.501
Whitney	Triangle	TX	31.9519	-97.3218
Whitehouse	Triangle	TX	32.2263	-95.2261
Webster	Triangle	TX	29.5334	-95.1191
Waxahachie	Triangle	TX	32.3861	-96.8484
Waco	Triangle	TX	31.5718	-97.1495
Victoria	Triangle	TX	28.8059	-97.0036
Van Alstyne	Triangle	TX	33.4218	-96.5768
Tyler	Triangle	TX	32.3476	-95.2943
Tomball	Triangle	TX	30.0958	-95.6171
Tilden	Triangle	TX	28.4613	-98.5491
The Woodlands	Triangle	TX	30.1575	-95.4558
The Colony	Triangle	TX	33.0979	-96.8925
Texarkana	Triangle	TX	33.4256	-94.0482
Terrell	Triangle	TX	32.7378	-96.2749
Temple	Triangle	TX	31.0975	-97.343
Sullivan City	Triangle	TX	26.2777	-98.5648
Sugar Land	Triangle	TX	29.633	-95.5995
Stratford	Triangle	TX	36.3318	-102.0731
Stanton	Triangle	TX	32.129	-101.7899
St. Hedwig	Triangle	TX	29.4145	-98.2022
Spur	Triangle	TX	33.4759	-100.8557
Springtown	Triangle	TX	32.9666	-97.6834
Spring	Triangle	TX	30.0845	-95.4193
Smithville	Triangle	TX	30.0087	-97.16
Sidney	Triangle	TX	31.9557	-98.7366
Shepherd	Triangle	TX	30.4975	-94.9961
Seguin	Triangle	TX	29.5695	-97.9647
Seagoville	Triangle	TX	32.6488	-96.5412
San Marcos	Triangle	TX	29.8861	-97.9282
San Juan	Triangle	TX	26.1877	-98.147
San Benito	Triangle	TX	26.1323	-97.6314
San Antonio	Triangle	TX	29.4246	-98.4946
San Angelo	Triangle	TX	31.4615	-100.4424
Round Rock	Triangle	TX	30.509	-97.6772
Rockdale	Triangle	TX	30.6554	-97.0019
Richmond	Triangle	TX	29.5827	-95.7622
Richland Hills	Triangle	TX	32.8082	-97.2375
Richardson	Triangle	TX	32.9607	-96.733
Reno	Triangle	TX	33.6633	-95.4615
Red Oak	Triangle	TX	32.5164	-96.8009
Pyote	Triangle	TX	31.5347	-103.1269
Poth	Triangle	TX	29.0705	-98.0815
Porter	Triangle	TX	30.1041	-95.2348
Port Aransas	Triangle	TX	27.836	-97.0682
Plano	Triangle	TX	33.0208	-96.6992
Plainview	Triangle	TX	34.1977	-101.6981
Pearsall	Triangle	TX	28.892	-99.0946
Paris	Triangle	TX	33.6613	-95.5636
Pampa	Triangle	TX	35.5319	-100.9588
Palestine	Triangle	TX	31.7617	-95.632
Orange	Triangle	TX	30.0931	-93.7367
Odessa	Triangle	TX	31.8492	-102.3752
Oakwood	Triangle	TX	31.5856	-95.8478
Newark	Triangle	TX	33.002	-97.4832
New Braunfels	Triangle	TX	29.6989	-98.1209
Nacogdoches	Triangle	TX	31.6036	-94.6556
Montgomery	Triangle	TX	30.3886	-95.6963
Mission	Triangle	TX	26.2156	-98.3258
Midlothian	Triangle	TX	32.4844	-96.9937
Midland	Triangle	TX	32	-102.0745
Miami	Triangle	TX	35.6918	-100.6386
Mesquite	Triangle	TX	32.7834	-96.6021
Memphis	Triangle	TX	34.7242	-100.5343
McKinney	Triangle	TX	33.199	-96.615
Maud	Triangle	TX	33.3328	-94.3462
Marfa	Triangle	TX	30.3125	-104.0217
Mansfield	Triangle	TX	32.5651	-97.1419
Mabank	Triangle	TX	32.3654	-96.101
Lubbock	Triangle	TX	33.5845	-101.845
Longview	Triangle	TX	32.5006	-94.7406
Lometa	Triangle	TX	31.2167	-98.3934
Little Elm	Triangle	TX	33.1598	-96.9388
Lindale	Triangle	TX	32.5165	-95.4099
Lexington	Triangle	TX	30.4162	-97.01
Lewisville	Triangle	TX	33.0472	-96.9959
League City	Triangle	TX	29.5025	-95.0946
Laredo	Triangle	TX	27.5309	-99.5022
Lakeway	Triangle	TX	30.3627	-97.98
Lago Vista	Triangle	TX	30.4532	-97.9876
La Grange	Triangle	TX	29.9062	-96.8771
Krum	Triangle	TX	33.2614	-97.2378
Kingwood	Triangle	TX	30.0509	-95.1805
Killeen	Triangle	TX	31.1169	-97.7274
Kerrville	Triangle	TX	30.0516	-99.1453
Kermit	Triangle	TX	31.8478	-103.0852
Keene	Triangle	TX	32.3976	-97.331
Kaufman	Triangle	TX	32.5897	-96.3109
Katy	Triangle	TX	29.7877	-95.8233
Joshua	Triangle	TX	32.4629	-97.3885
Jacksboro	Triangle	TX	33.2182	-98.1591
Irving	Triangle	TX	32.8135	-96.9555
Iowa Park	Triangle	TX	33.95	-98.6557
Idalou	Triangle	TX	33.6667	-101.6827
Hutto	Triangle	TX	30.5436	-97.5429
Hurst	Triangle	TX	32.8411	-97.1862
Humble	Triangle	TX	30.0002	-95.2686
Huffman	Triangle	TX	30.025	-95.0844
Houston	Triangle	TX	29.7606	-95.3697
Horizon City	Triangle	TX	31.6827	-106.1866
Hooks	Triangle	TX	33.474	-94.2893
Henderson	Triangle	TX	32.1533	-94.7993
Helotes	Triangle	TX	29.5636	-98.6867
Haskell	Triangle	TX	33.1576	-99.7333
Harlingen	Triangle	TX	26.1899	-97.6956
Haltom City	Triangle	TX	32.8096	-97.2746
Hallettsville	Triangle	TX	29.4471	-96.9428
Greenville	Triangle	TX	33.1391	-96.1068
Grapevine	Triangle	TX	32.9395	-97.0784
Grand Prairie	Triangle	TX	32.7477	-97.0072
Granbury	Triangle	TX	32.4423	-97.7943
Glen Rose	Triangle	TX	32.2346	-97.7554
Gilmer	Triangle	TX	32.7297	-94.9448
Georgetown	Triangle	TX	30.6379	-97.677
Gatesville	Triangle	TX	31.4349	-97.7437
Garland	Triangle	TX	32.9143	-96.6365
Galveston	Triangle	TX	29.2953	-94.8079
Gainesville	Triangle	TX	33.6243	-97.143
Frisco	Triangle	TX	33.1506	-96.8335
Friendswood	Triangle	TX	29.53	-95.2002
Fort Worth	Triangle	TX	32.751	-97.3309
Fayetteville	Triangle	TX	29.9035	-96.6773
Fate	Triangle	TX	32.9415	-96.3808
Euless	Triangle	TX	32.8397	-97.0915
Elm Mott	Triangle	TX	31.6722	-97.094
Eldorado	Triangle	TX	30.8605	-100.6007
El Paso	Triangle	TX	31.7592	-106.4875
Duncanville	Triangle	TX	32.6462	-96.905
Denton	Triangle	TX	33.2166	-97.1316
Del Valle	Triangle	TX	30.2144	-97.6578
Del Rio	Triangle	TX	29.3662	-100.8982
DeKalb	Triangle	TX	33.5085	-94.6159
Dayton	Triangle	TX	30.0448	-94.8885
Dallas	Triangle	TX	32.7782	-96.7954
Cypress	Triangle	TX	29.9758	-95.6779
Cuero	Triangle	TX	29.0935	-97.2893
Cross Roads	Triangle	TX	33.2308	-97.003
Cotulla	Triangle	TX	28.4386	-99.2415
Corpus Christi	Triangle	TX	27.7964	-97.4037
Corinth	Triangle	TX	33.1533	-97.0543
Copperas Cove	Triangle	TX	31.1242	-97.9036
Coppell	Triangle	TX	32.9765	-96.9913
Converse	Triangle	TX	29.5153	-98.3121
Conroe	Triangle	TX	30.3122	-95.4559
Comfort	Triangle	TX	29.9703	-98.904
College Station	Triangle	TX	30.6205	-96.3259
Cleveland	Triangle	TX	30.343	-95.0896
Cleburne	Triangle	TX	32.3504	-97.3876
China Spring	Triangle	TX	31.653	-97.3059
Center	Triangle	TX	31.7962	-94.1797
Cedar Park	Triangle	TX	30.5066	-97.8219
Carthage	Triangle	TX	32.166	-94.3418
Carrollton	Triangle	TX	32.9756	-96.8902
Canyon Lake	Triangle	TX	29.875	-98.2631
Canadian	Triangle	TX	35.9146	-100.3844
Burleson	Triangle	TX	32.5631	-97.3217
Buda	Triangle	TX	30.0813	-97.8432
Bryan	Triangle	TX	30.671	-96.3704
Brownwood	Triangle	TX	31.7253	-98.9807
Brownsville	Triangle	TX	25.9021	-97.4992
Brownfield	Triangle	TX	33.18	-102.275
Blum	Triangle	TX	32.1422	-97.3976
Big Sandy	Triangle	TX	32.5842	-95.1085
Benbrook	Triangle	TX	32.6786	-97.4526
Ben Wheeler	Triangle	TX	32.447	-95.7058
Belton	Triangle	TX	31.0571	-97.4635
Bells	Triangle	TX	33.6124	-96.4102
Beaumont	Triangle	TX	30.0862	-94.1014
Baytown	Triangle	TX	29.7286	-94.9966
Bay City	Triangle	TX	28.983	-95.9694
Bandera	Triangle	TX	29.7258	-99.0692
Ballinger	Triangle	TX	31.7396	-99.9471
Azle	Triangle	TX	32.8835	-97.5371
Austin	Triangle	TX	30.2676	-97.743
Athens	Triangle	TX	32.2043	-95.8555
Arlington	Triangle	TX	32.7356	-97.1077
Archer City	Triangle	TX	33.5956	-98.6252
Aquilla	Triangle	TX	31.8512	-97.2192
Anna	Triangle	TX	33.3496	-96.5512
Amarillo	Triangle	TX	35.2073	-101.8339
Alvord	Triangle	TX	33.359	-97.6946
Alpine	Triangle	TX	30.3587	-103.6612
Allison	Triangle	TX	35.6084	-100.1006
Allen	Triangle	TX	33.1011	-96.6745
Alice	Triangle	TX	27.7508	-98.065
Addison	Triangle	TX	32.954	-96.8177
Abilene	Triangle	TX	32.4492	-99.7414
Waxahachie	Teardrop	TX	32.3861	-96.8484
Van Horn	Teardrop	TX	31.0415	-104.8308
San Marcos	Teardrop	TX	29.8861	-97.9282
San Antonio	Teardrop	TX	29.4246	-98.4946
Round Rock	Teardrop	TX	30.509	-97.6772
Rancho Viejo	Teardrop	TX	26.0448	-97.5499
Princeton	Teardrop	TX	33.1807	-96.4971
Portland	Teardrop	TX	27.8817	-97.3192
Pilot Point	Teardrop	TX	33.3967	-96.9598
Palestine	Teardrop	TX	31.7617	-95.632
North Richland Hills	Teardrop	TX	32.8385	-97.2266
New Braunfels	Teardrop	TX	29.6989	-98.1209
Mesquite	Teardrop	TX	32.7834	-96.6021
McAllen	Teardrop	TX	26.2074	-98.2294
Marshall	Teardrop	TX	32.5463	-94.3501
Lufkin	Teardrop	TX	31.3424	-94.7183
Lubbock	Teardrop	TX	33.5845	-101.845
Killeen	Teardrop	TX	31.1169	-97.7274
Hurst	Teardrop	TX	32.8411	-97.1862
Huffman	Teardrop	TX	30.025	-95.0844
Houston	Teardrop	TX	29.7606	-95.3697
Hockley	Teardrop	TX	30.0264	-95.846
Garland	Teardrop	TX	32.9143	-96.6365
Fredericksburg	Teardrop	TX	30.275	-98.8721
Fort Worth	Teardrop	TX	32.751	-97.3309
Farmers Branch	Teardrop	TX	32.9218	-96.8927
El Paso	Teardrop	TX	31.7592	-106.4875
Dallas	Teardrop	TX	32.7782	-96.7954
Conroe	Teardrop	TX	30.3122	-95.4559
Cibolo	Teardrop	TX	29.5585	-98.2251
Carrollton	Teardrop	TX	32.9756	-96.8902
Burnet	Teardrop	TX	30.7584	-98.2272
Azle	Teardrop	TX	32.8835	-97.5371
Austin	Teardrop	TX	30.2676	-97.743
Arlington	Teardrop	TX	32.7356	-97.1077
Amarillo	Teardrop	TX	35.2073	-101.8339
Alvarado	Teardrop	TX	32.4069	-97.2108
Allen	Teardrop	TX	33.1011	-96.6745
Addison	Teardrop	TX	32.954	-96.8177
Woodville	Sphere	TX	30.7753	-94.4143
Wolfe City	Sphere	TX	33.3702	-96.07
Wichita Falls	Sphere	TX	33.9083	-98.501
Weatherford	Sphere	TX	32.759	-97.801
Waxahachie	Sphere	TX	32.3861	-96.8484
Watauga	Sphere	TX	32.8746	-97.255
Waco	Sphere	TX	31.5718	-97.1495
Victoria	Sphere	TX	28.8059	-97.0036
Tyler	Sphere	TX	32.3476	-95.2943
Three Rivers	Sphere	TX	28.4696	-98.1795
Thornton	Sphere	TX	31.4113	-96.5733
The Woodlands	Sphere	TX	30.1575	-95.4558
The Colony	Sphere	TX	33.0979	-96.8925
Texas City	Sphere	TX	29.3928	-94.9251
Sweeny	Sphere	TX	29.0386	-95.6984
Sugar Land	Sphere	TX	29.633	-95.5995
Spring	Sphere	TX	30.0845	-95.4193
Splendora	Sphere	TX	30.2331	-95.1628
Somerset	Sphere	TX	29.226	-98.6578
Shamrock	Sphere	TX	35.216	-100.2492
Seguin	Sphere	TX	29.5695	-97.9647
San Antonio	Sphere	TX	29.4246	-98.4946
San Angelo	Sphere	TX	31.4615	-100.4424
Sachse	Sphere	TX	32.9742	-96.5985
Runge	Sphere	TX	28.8857	-97.7078
Round Rock	Sphere	TX	30.509	-97.6772
Round Mountain	Sphere	TX	30.4304	-98.345
Rotan	Sphere	TX	32.852	-100.4654
Robstown	Sphere	TX	27.7895	-97.6642
Riesel	Sphere	TX	31.4758	-96.9198
Richardson	Sphere	TX	32.9607	-96.733
Poteet	Sphere	TX	29.0409	-98.5691
Portland	Sphere	TX	27.8817	-97.3192
Plano	Sphere	TX	33.0208	-96.6992
Pipe Creek	Sphere	TX	29.7243	-98.9379
Pflugerville	Sphere	TX	30.4406	-97.6199
Pearland	Sphere	TX	29.5524	-95.2553
Pasadena	Sphere	TX	29.6908	-95.1957
Paris	Sphere	TX	33.6613	-95.5636
Old River-Winfree	Sphere	TX	29.868	-94.8414
North Richland Hills	Sphere	TX	32.8385	-97.2266
Nocona	Sphere	TX	33.7866	-97.7272
Natalia	Sphere	TX	29.1944	-98.8577
Nacogdoches	Sphere	TX	31.6036	-94.6556
Mount Pleasant	Sphere	TX	33.1571	-94.9685
Morton	Sphere	TX	33.7253	-102.7586
Montgomery	Sphere	TX	30.3886	-95.6963
Midland	Sphere	TX	32	-102.0745
Mesquite	Sphere	TX	32.7834	-96.6021
Memphis	Sphere	TX	34.7242	-100.5343
McKinney	Sphere	TX	33.199	-96.615
McGregor	Sphere	TX	31.4437	-97.4087
McAllen	Sphere	TX	26.2074	-98.2294
Marshall	Sphere	TX	32.5463	-94.3501
Magnolia	Sphere	TX	30.211	-95.7544
Lumberton	Sphere	TX	30.2674	-94.1999
Luling	Sphere	TX	29.6804	-97.6469
Lubbock	Sphere	TX	33.5845	-101.845
Los Fresnos	Sphere	TX	26.0717	-97.477
Livingston	Sphere	TX	30.7109	-94.9378
Lewisville	Sphere	TX	33.0472	-96.9959
Leander	Sphere	TX	30.5791	-97.853
League City	Sphere	TX	29.5025	-95.0946
Laredo	Sphere	TX	27.5309	-99.5022
Lakeway	Sphere	TX	30.3627	-97.98
Kingsland	Sphere	TX	30.6609	-98.4458
Killeen	Sphere	TX	31.1169	-97.7274
Kilgore	Sphere	TX	32.3803	-94.869
Keene	Sphere	TX	32.3976	-97.331
Kaufman	Sphere	TX	32.5897	-96.3109
Katy	Sphere	TX	29.7877	-95.8233
Houston	Sphere	TX	29.7606	-95.3697
Honey Grove	Sphere	TX	33.5829	-95.9096
Hockley	Sphere	TX	30.0264	-95.846
Helotes	Sphere	TX	29.5636	-98.6867
Haslet	Sphere	TX	32.9748	-97.3485
Harwood	Sphere	TX	29.6662	-97.5046
Grand Prairie	Sphere	TX	32.7477	-97.0072
Graham	Sphere	TX	33.1077	-98.5895
Graford	Sphere	TX	32.9386	-98.2477
Garland	Sphere	TX	32.9143	-96.6365
Galveston	Sphere	TX	29.2953	-94.8079
Friendswood	Sphere	TX	29.53	-95.2002
Fort Worth	Sphere	TX	32.751	-97.3309
Fort Hood	Sphere	TX	31.1227	-97.7984
Forestburg	Sphere	TX	33.5331	-97.559
Farmers Branch	Sphere	TX	32.9218	-96.8927
Ennis	Sphere	TX	32.3296	-96.6237
Encinal	Sphere	TX	28.0462	-99.3567
Emory	Sphere	TX	32.8748	-95.7652
El Paso	Sphere	TX	31.7592	-106.4875
Dublin	Sphere	TX	32.0851	-98.3419
Desoto	Sphere	TX	32.6056	-96.857
Denton	Sphere	TX	33.2166	-97.1316
Dayton	Sphere	TX	30.0448	-94.8885
Dallas	Sphere	TX	32.7782	-96.7954
Cypress	Sphere	TX	29.9758	-95.6779
Corpus Christi	Sphere	TX	27.7964	-97.4037
Corinth	Sphere	TX	33.1533	-97.0543
Conroe	Sphere	TX	30.3122	-95.4559
Commerce	Sphere	TX	33.2504	-95.8982
College Station	Sphere	TX	30.6205	-96.3259
Clarksville	Sphere	TX	33.611	-95.0502
China Spring	Sphere	TX	31.653	-97.3059
Childress	Sphere	TX	34.4294	-100.2108
Charlotte	Sphere	TX	28.8622	-98.7058
Celina	Sphere	TX	33.324	-96.7866
Cedar Park	Sphere	TX	30.5066	-97.8219
Carrollton	Sphere	TX	32.9756	-96.8902
Carmine	Sphere	TX	30.1501	-96.6839
Canyon	Sphere	TX	34.9856	-101.9363
Bryan	Sphere	TX	30.671	-96.3704
Boerne	Sphere	TX	29.7896	-98.7293
Blossom	Sphere	TX	33.6608	-95.3862
Bloomington	Sphere	TX	28.6479	-96.8931
Ben Wheeler	Sphere	TX	32.447	-95.7058
Bedford	Sphere	TX	32.8405	-97.1419
Baytown	Sphere	TX	29.7286	-94.9966
Bastrop	Sphere	TX	30.1105	-97.3194
Austin	Sphere	TX	30.2676	-97.743
Arlington	Sphere	TX	32.7356	-97.1077
Angleton	Sphere	TX	29.1645	-95.432
Amarillo	Sphere	TX	35.2073	-101.8339
Alvin	Sphere	TX	29.4238	-95.2454
Alice	Sphere	TX	27.7508	-98.065
Alamo	Sphere	TX	26.1839	-98.1232
Adkins	Sphere	TX	29.385	-98.2394
Abilene	Sphere	TX	32.4492	-99.7414
Wichita Falls	Rectangle	TX	33.9083	-98.501
Waco	Rectangle	TX	31.5718	-97.1495
Victoria	Rectangle	TX	28.8059	-97.0036
Van Alstyne	Rectangle	TX	33.4218	-96.5768
Sulphur Springs	Rectangle	TX	33.138	-95.6029
Sugar Land	Rectangle	TX	29.633	-95.5995
Stephenville	Rectangle	TX	32.2203	-98.202
Snyder	Rectangle	TX	32.7171	-100.9178
Sherman	Rectangle	TX	33.636	-96.6091
Seminole	Rectangle	TX	32.7266	-102.6451
San Marcos	Rectangle	TX	29.8861	-97.9282
San Diego	Rectangle	TX	27.7643	-98.2394
San Antonio	Rectangle	TX	29.4246	-98.4946
Rowlett	Rectangle	TX	32.901	-96.5696
Round Rock	Rectangle	TX	30.509	-97.6772
Rockwall	Rectangle	TX	32.931	-96.4608
Plano	Rectangle	TX	33.0208	-96.6992
Pilot Point	Rectangle	TX	33.3967	-96.9598
Pasadena	Rectangle	TX	29.6908	-95.1957
Orange Grove	Rectangle	TX	27.9574	-97.938
Odessa	Rectangle	TX	31.8492	-102.3752
Nacogdoches	Rectangle	TX	31.6036	-94.6556
Murphy	Rectangle	TX	33.0178	-96.6127
Mineral Wells	Rectangle	TX	32.8107	-98.0721
Mesquite	Rectangle	TX	32.7834	-96.6021
Memphis	Rectangle	TX	34.7242	-100.5343
McKinney	Rectangle	TX	33.199	-96.615
Marfa	Rectangle	TX	30.3125	-104.0217
Mansfield	Rectangle	TX	32.5651	-97.1419
Lubbock	Rectangle	TX	33.5845	-101.845
Livingston	Rectangle	TX	30.7109	-94.9378
Littlefield	Rectangle	TX	33.9174	-102.3342
Lexington	Rectangle	TX	30.4162	-97.01
Lakeway	Rectangle	TX	30.3627	-97.98
Lake Dallas	Rectangle	TX	33.1192	-97.0276
Katy	Rectangle	TX	29.7877	-95.8233
Jonestown	Rectangle	TX	30.4924	-97.922
Irving	Rectangle	TX	32.8135	-96.9555
Hutto	Rectangle	TX	30.5436	-97.5429
Hurst	Rectangle	TX	32.8411	-97.1862
Huntsville	Rectangle	TX	30.7238	-95.5522
Humble	Rectangle	TX	30.0002	-95.2686
Houston	Rectangle	TX	29.7606	-95.3697
Hemphill	Rectangle	TX	31.3424	-93.8481
Grand Prairie	Rectangle	TX	32.7477	-97.0072
Goldthwaite	Rectangle	TX	31.4509	-98.568
Gatesville	Rectangle	TX	31.4349	-97.7437
Garland	Rectangle	TX	32.9143	-96.6365
Freeport	Rectangle	TX	28.9496	-95.3443
Fort Worth	Rectangle	TX	32.751	-97.3309
Fairfield	Rectangle	TX	31.7251	-96.1622
Emory	Rectangle	TX	32.8748	-95.7652
El Paso	Rectangle	TX	31.7592	-106.4875
Denton	Rectangle	TX	33.2166	-97.1316
DeKalb	Rectangle	TX	33.5085	-94.6159
Dallas	Rectangle	TX	32.7782	-96.7954
Cotulla	Rectangle	TX	28.4386	-99.2415
Conroe	Rectangle	TX	30.3122	-95.4559
Colleyville	Rectangle	TX	32.8846	-97.157
Clarksville	Rectangle	TX	33.611	-95.0502
Bedford	Rectangle	TX	32.8405	-97.1419
Azle	Rectangle	TX	32.8835	-97.5371
Austin	Rectangle	TX	30.2676	-97.743
Amarillo	Rectangle	TX	35.2073	-101.8339
Allen	Rectangle	TX	33.1011	-96.6745
Abilene	Rectangle	TX	32.4492	-99.7414
Winters	Oval	TX	31.9577	-99.9635
Wimberley	Oval	TX	29.9801	-98.0939
Wichita Falls	Oval	TX	33.9083	-98.501
Weimar	Oval	TX	29.7032	-96.7807
Watauga	Oval	TX	32.8746	-97.255
Waco	Oval	TX	31.5718	-97.1495
Vidor	Oval	TX	30.1245	-94.0127
Victoria	Oval	TX	28.8059	-97.0036
Valley Mills	Oval	TX	31.6601	-97.4721
Troup	Oval	TX	32.1445	-95.1199
Trenton	Oval	TX	33.4298	-96.3386
Tomball	Oval	TX	30.0958	-95.6171
The Colony	Oval	TX	33.0979	-96.8925
Texas City	Oval	TX	29.3928	-94.9251
Texarkana	Oval	TX	33.4256	-94.0482
Terrell	Oval	TX	32.7378	-96.2749
Sulphur Springs	Oval	TX	33.138	-95.6029
Stephenville	Oval	TX	32.2203	-98.202
Springtown	Oval	TX	32.9666	-97.6834
Splendora	Oval	TX	30.2331	-95.1628
Spicewood	Oval	TX	30.474	-98.1558
Southlake	Oval	TX	32.9426	-97.1312
South Padre Island	Oval	TX	26.1185	-97.1699
Smithville	Oval	TX	30.0087	-97.16
Sinton	Oval	TX	28.0372	-97.5092
Seguin	Oval	TX	29.5695	-97.9647
Schertz	Oval	TX	29.568	-98.2721
San Marcos	Oval	TX	29.8861	-97.9282
San Isidro	Oval	TX	26.7162	-98.453
San Antonio	Oval	TX	29.4246	-98.4946
San Angelo	Oval	TX	31.4615	-100.4424
Round Rock	Oval	TX	30.509	-97.6772
Rotan	Oval	TX	32.852	-100.4654
Rosebud	Oval	TX	31.0726	-96.9784
Robstown	Oval	TX	27.7895	-97.6642
Rio Hondo	Oval	TX	26.2347	-97.5821
Richmond	Oval	TX	29.5827	-95.7622
Richardson	Oval	TX	32.9607	-96.733
Rhome	Oval	TX	33.0551	-97.4727
Rankin	Oval	TX	31.2233	-101.9392
Port Isabel	Oval	TX	26.0774	-97.2084
Plano	Oval	TX	33.0208	-96.6992
Pearland	Oval	TX	29.5524	-95.2553
Palestine	Oval	TX	31.7617	-95.632
Ovalo	Oval	TX	32.1738	-99.8084
Orange	Oval	TX	30.0931	-93.7367
Odessa	Oval	TX	31.8492	-102.3752
North Richland Hills	Oval	TX	32.8385	-97.2266
Nolanville	Oval	TX	31.0786	-97.6054
New Braunfels	Oval	TX	29.6989	-98.1209
New Boston	Oval	TX	33.4603	-94.4171
Nassau Bay	Oval	TX	29.5509	-95.0907
Murphy	Oval	TX	33.0178	-96.6127
Mt. Vernon	Oval	TX	33.1887	-95.2212
Missouri City	Oval	TX	29.607	-95.527
Midland	Oval	TX	32	-102.0745
Mexia	Oval	TX	31.6843	-96.478
Mesquite	Oval	TX	32.7834	-96.6021
Mercedes	Oval	TX	26.1536	-97.9135
McKinney	Oval	TX	33.199	-96.615
McCamey	Oval	TX	31.1358	-102.2243
McAllen	Oval	TX	26.2074	-98.2294
Mason	Oval	TX	30.7489	-99.2316
Marfa	Oval	TX	30.3125	-104.0217
Mansfield	Oval	TX	32.5651	-97.1419
Mabank	Oval	TX	32.3654	-96.101
Lubbock	Oval	TX	33.5845	-101.845
Liberty Hill	Oval	TX	30.664	-97.922
Lewisville	Oval	TX	33.0472	-96.9959
Leander	Oval	TX	30.5791	-97.853
Leakey	Oval	TX	29.7248	-99.7631
League City	Oval	TX	29.5025	-95.0946
Laredo	Oval	TX	27.5309	-99.5022
Laguna Vista	Oval	TX	26.1021	-97.2914
Kyle	Oval	TX	29.9884	-97.8774
Kingsville	Oval	TX	27.5157	-97.8554
Killeen	Oval	TX	31.1169	-97.7274
Kemah	Oval	TX	29.5431	-95.0183
Keller	Oval	TX	32.9309	-97.2265
Katy	Oval	TX	29.7877	-95.8233
Junction	Oval	TX	30.4893	-99.7714
Irving	Oval	TX	32.8135	-96.9555
Humble	Oval	TX	30.0002	-95.2686
Houston	Oval	TX	29.7606	-95.3697
Harlingen	Oval	TX	26.1899	-97.6956
Hallettsville	Oval	TX	29.4471	-96.9428
Grapevine	Oval	TX	32.9395	-97.0784
Grand Saline	Oval	TX	32.6745	-95.709
Grand Prairie	Oval	TX	32.7477	-97.0072
Georgetown	Oval	TX	30.6379	-97.677
George West	Oval	TX	28.3308	-98.1161
Garland	Oval	TX	32.9143	-96.6365
Galveston	Oval	TX	29.2953	-94.8079
Frisco	Oval	TX	33.1506	-96.8335
Freeport	Oval	TX	28.9496	-95.3443
Fort Worth	Oval	TX	32.751	-97.3309
Fort Stockton	Oval	TX	30.8946	-102.8845
Fairfield	Oval	TX	31.7251	-96.1622
Eustace	Oval	TX	32.3082	-96.007
Electra	Oval	TX	34.0294	-98.9251
El Paso	Oval	TX	31.7592	-106.4875
Edinburg	Oval	TX	26.3012	-98.1608
Eagle Pass	Oval	TX	28.7092	-100.4996
Dumas	Oval	TX	35.8454	-101.9734
Dripping Springs	Oval	TX	30.1916	-98.0797
Detroit	Oval	TX	33.6619	-95.2661
Del Rio	Oval	TX	29.3662	-100.8982
Dallas	Oval	TX	32.7782	-96.7954
Crosby	Oval	TX	29.9066	-95.065
Creedmoor	Oval	TX	30.0978	-97.7507
Corpus Christi	Oval	TX	27.7964	-97.4037
Copperas Cove	Oval	TX	31.1242	-97.9036
Converse	Oval	TX	29.5153	-98.3121
College Station	Oval	TX	30.6205	-96.3259
Coleman	Oval	TX	31.8272	-99.4268
Cleburne	Oval	TX	32.3504	-97.3876
Chatfield	Oval	TX	32.2412	-96.4091
Center	Oval	TX	31.7962	-94.1797
Celina	Oval	TX	33.324	-96.7866
Canyon Lake	Oval	TX	29.875	-98.2631
Buda	Oval	TX	30.0813	-97.8432
Bryan	Oval	TX	30.671	-96.3704
Brownsville	Oval	TX	25.9021	-97.4992
Brenham	Oval	TX	30.166	-96.4
Breckenridge	Oval	TX	32.7554	-98.9019
Bowie	Oval	TX	33.5594	-97.8484
Big Spring	Oval	TX	32.2503	-101.4791
Bertram	Oval	TX	30.7438	-98.0555
Bedford	Oval	TX	32.8405	-97.1419
Baytown	Oval	TX	29.7286	-94.9966
Barstow	Oval	TX	31.4615	-103.3948
Avinger	Oval	TX	32.8969	-94.5509
Austin	Oval	TX	30.2676	-97.743
Arlington	Oval	TX	32.7356	-97.1077
Angleton	Oval	TX	29.1645	-95.432
Andrews	Oval	TX	32.319	-102.5467
Anahuac	Oval	TX	29.773	-94.6816
Amarillo	Oval	TX	35.2073	-101.8339
Abilene	Oval	TX	32.4492	-99.7414
Zephyr	Other	TX	31.6758	-98.7947
Winters	Other	TX	31.9577	-99.9635
Winnsboro	Other	TX	32.9578	-95.2902
Wichita Falls	Other	TX	33.9083	-98.501
Webster	Other	TX	29.5334	-95.1191
Waxahachie	Other	TX	32.3861	-96.8484
Warren	Other	TX	30.6129	-94.407
Waco	Other	TX	31.5718	-97.1495
Von Ormy	Other	TX	29.2898	-98.6461
Van Alstyne	Other	TX	33.4218	-96.5768
Valentine	Other	TX	30.5872	-104.4996
Utopia	Other	TX	29.6138	-99.5271
Tyler	Other	TX	32.3476	-95.2943
Tomball	Other	TX	30.0958	-95.6171
Three Rivers	Other	TX	28.4696	-98.1795
Texas City	Other	TX	29.3928	-94.9251
Texarkana	Other	TX	33.4256	-94.0482
Temple	Other	TX	31.0975	-97.343
Tatum	Other	TX	32.3156	-94.5164
Sugar Land	Other	TX	29.633	-95.5995
Stafford	Other	TX	29.6148	-95.5571
Spring	Other	TX	30.0845	-95.4193
Southlake	Other	TX	32.9426	-97.1312
Somerville	Other	TX	30.3458	-96.5286
Smithville	Other	TX	30.0087	-97.16
Sidney	Other	TX	31.9557	-98.7366
Seguin	Other	TX	29.5695	-97.9647
Schulenburg	Other	TX	29.6821	-96.9038
Sanger	Other	TX	33.3623	-97.1717
San Marcos	Other	TX	29.8861	-97.9282
San Benito	Other	TX	26.1323	-97.6314
San Antonio	Other	TX	29.4246	-98.4946
San Angelo	Other	TX	31.4615	-100.4424
Salado	Other	TX	30.9424	-97.5374
Sachse	Other	TX	32.9742	-96.5985
Rowlett	Other	TX	32.901	-96.5696
Round Rock	Other	TX	30.509	-97.6772
Rosenberg	Other	TX	29.5477	-95.8054
Rockwall	Other	TX	32.931	-96.4608
Rockport	Other	TX	28.0273	-97.0548
Rockdale	Other	TX	30.6554	-97.0019
Richardson	Other	TX	32.9607	-96.733
Red Oak	Other	TX	32.5164	-96.8009
Presidio	Other	TX	29.5616	-104.3717
Pottsboro	Other	TX	33.7628	-96.6612
Porter	Other	TX	30.1041	-95.2348
Port Neches	Other	TX	29.9914	-93.9586
Port Aransas	Other	TX	27.836	-97.0682
Plano	Other	TX	33.0208	-96.6992
Plainview	Other	TX	34.1977	-101.6981
Pearland	Other	TX	29.5524	-95.2553
Paris	Other	TX	33.6613	-95.5636
Pampa	Other	TX	35.5319	-100.9588
Palestine	Other	TX	31.7617	-95.632
Overton	Other	TX	32.2749	-94.9784
Orange	Other	TX	30.0931	-93.7367
Odessa	Other	TX	31.8492	-102.3752
New Waverly	Other	TX	30.5374	-95.4829
New Braunfels	Other	TX	29.6989	-98.1209
Natalia	Other	TX	29.1944	-98.8577
Nacogdoches	Other	TX	31.6036	-94.6556
Moody	Other	TX	31.3083	-97.3611
Mineola	Other	TX	32.664	-95.4879
Mesquite	Other	TX	32.7834	-96.6021
Melissa	Other	TX	33.2657	-96.5905
McKinney	Other	TX	33.199	-96.615
McGregor	Other	TX	31.4437	-97.4087
McAllen	Other	TX	26.2074	-98.2294
Matagorda	Other	TX	28.6912	-95.9676
Mansfield	Other	TX	32.5651	-97.1419
Magnolia	Other	TX	30.211	-95.7544
Mabank	Other	TX	32.3654	-96.101
Lufkin	Other	TX	31.3424	-94.7183
Lucas	Other	TX	33.0895	-96.5909
Lubbock	Other	TX	33.5845	-101.845
Longview	Other	TX	32.5006	-94.7406
Lockhart	Other	TX	29.8848	-97.6719
Livingston	Other	TX	30.7109	-94.9378
Lipan	Other	TX	32.518	-98.0458
Liberty Hill	Other	TX	30.664	-97.922
Lewisville	Other	TX	33.0472	-96.9959
League City	Other	TX	29.5025	-95.0946
Laredo	Other	TX	27.5309	-99.5022
Lake Jackson	Other	TX	29.0344	-95.4463
La Porte	Other	TX	29.6525	-95.0248
Kyle	Other	TX	29.9884	-97.8774
Kingwood	Other	TX	30.0509	-95.1805
Kingsville	Other	TX	27.5157	-97.8554
Kemah	Other	TX	29.5431	-95.0183
Katy	Other	TX	29.7877	-95.8233
Jarrell	Other	TX	30.8245	-97.6058
Jacksonville	Other	TX	31.963	-95.2702
Irving	Other	TX	32.8135	-96.9555
Huntsville	Other	TX	30.7238	-95.5522
Humble	Other	TX	30.0002	-95.2686
Huffman	Other	TX	30.025	-95.0844
Houston	Other	TX	29.7606	-95.3697
Hillsboro	Other	TX	32.0113	-97.1302
Highland Village	Other	TX	33.0854	-97.0534
Harlingen	Other	TX	26.1899	-97.6956
Harker Heights	Other	TX	31.0883	-97.6595
Gun Barrel City	Other	TX	32.3309	-96.1467
Groves	Other	TX	29.9457	-93.9197
Greenville	Other	TX	33.1391	-96.1068
Grand Prairie	Other	TX	32.7477	-97.0072
Granbury	Other	TX	32.4423	-97.7943
Gladewater	Other	TX	32.5363	-94.9429
Garland	Other	TX	32.9143	-96.6365
Galveston	Other	TX	29.2953	-94.8079
Fulshear	Other	TX	29.6906	-95.9
Friendswood	Other	TX	29.53	-95.2002
Freer	Other	TX	27.8827	-98.6177
Freeport	Other	TX	28.9496	-95.3443
Fort Worth	Other	TX	32.751	-97.3309
Fort Stockton	Other	TX	30.8946	-102.8845
Flower Mound	Other	TX	33.0344	-97.0579
Florence	Other	TX	30.8414	-97.7936
Farmersville	Other	TX	33.1607	-96.36
Fairfield	Other	TX	31.7251	-96.1622
Euless	Other	TX	32.8397	-97.0915
El Paso	Other	TX	31.7592	-106.4875
El Campo	Other	TX	29.218	-96.2879
Edna	Other	TX	28.9781	-96.6462
Edinburg	Other	TX	26.3012	-98.1608
Eagle Pass	Other	TX	28.7092	-100.4996
Dickens	Other	TX	33.6218	-100.8376
Denton	Other	TX	33.2166	-97.1316
Del Rio	Other	TX	29.3662	-100.8982
Decatur	Other	TX	33.2347	-97.586
Dallas	Other	TX	32.7782	-96.7954
Cypress	Other	TX	29.9758	-95.6779
Cross Roads	Other	TX	33.2308	-97.003
Crosby	Other	TX	29.9066	-95.065
Crawford	Other	TX	31.5341	-97.4426
Cotulla	Other	TX	28.4386	-99.2415
Corpus Christi	Other	TX	27.7964	-97.4037
Corinth	Other	TX	33.1533	-97.0543
Copperas Cove	Other	TX	31.1242	-97.9036
Coppell	Other	TX	32.9765	-96.9913
Conroe	Other	TX	30.3122	-95.4559
Comstock	Other	TX	29.6867	-101.1733
Comanche	Other	TX	31.8974	-98.6033
Colleyville	Other	TX	32.8846	-97.157
College Station	Other	TX	30.6205	-96.3259
Cleburne	Other	TX	32.3504	-97.3876
China Spring	Other	TX	31.653	-97.3059
Center	Other	TX	31.7962	-94.1797
Cedar Park	Other	TX	30.5066	-97.8219
Carrollton	Other	TX	32.9756	-96.8902
Canyon Lake	Other	TX	29.875	-98.2631
Canyon	Other	TX	34.9856	-101.9363
Canton	Other	TX	32.5559	-95.8613
Cameron	Other	TX	30.8532	-96.977
Burton	Other	TX	30.182	-96.5958
Burleson	Other	TX	32.5631	-97.3217
Burkeville	Other	TX	30.9994	-93.6683
Bryan	Other	TX	30.671	-96.3704
Breckenridge	Other	TX	32.7554	-98.9019
Brady	Other	TX	31.1348	-99.3365
Borger	Other	TX	35.6679	-101.3904
Blanco	Other	TX	30.0987	-98.4218
Big Spring	Other	TX	32.2503	-101.4791
Benbrook	Other	TX	32.6786	-97.4526
Belton	Other	TX	31.0571	-97.4635
Baytown	Other	TX	29.7286	-94.9966
Ballinger	Other	TX	31.7396	-99.9471
Azle	Other	TX	32.8835	-97.5371
Austin	Other	TX	30.2676	-97.743
Atlanta	Other	TX	33.1153	-94.1681
Athens	Other	TX	32.2043	-95.8555
Arlington	Other	TX	32.7356	-97.1077
Anna	Other	TX	33.3496	-96.5512
Amarillo	Other	TX	35.2073	-101.8339
Alvin	Other	TX	29.4238	-95.2454
Alpine	Other	TX	30.3587	-103.6612
Allen	Other	TX	33.1011	-96.6745
Alice	Other	TX	27.7508	-98.065
Addison	Other	TX	32.954	-96.8177
Abilene	Other	TX	32.4492	-99.7414
Wylie	Light	TX	33.023	-96.5149
Wolfforth	Light	TX	33.5099	-102.009
Wimberley	Light	TX	29.9801	-98.0939
Wilmer	Light	TX	32.5896	-96.6841
Wichita Falls	Light	TX	33.9083	-98.501
Whitewright	Light	TX	33.5127	-96.3933
Whitesboro	Light	TX	33.6558	-96.9073
Wheeler	Light	TX	35.4447	-100.2722
Wharton	Light	TX	29.3204	-96.0992
West Point	Light	TX	29.9441	-97.0305
West	Light	TX	31.8025	-97.092
Weslaco	Light	TX	26.1593	-97.9907
Wells	Light	TX	31.4921	-94.9447
Wellington	Light	TX	34.8629	-100.2048
Webster	Light	TX	29.5334	-95.1191
Weatherford	Light	TX	32.759	-97.801
Waxahachie	Light	TX	32.3861	-96.8484
Watauga	Light	TX	32.8746	-97.255
Walnut Springs	Light	TX	32.0573	-97.7494
Waco	Light	TX	31.5718	-97.1495
Von Ormy	Light	TX	29.2898	-98.6461
Victoria	Light	TX	28.8059	-97.0036
Vernon	Light	TX	34.1535	-99.2845
Valley View	Light	TX	33.4882	-97.1648
Uhland	Light	TX	29.9568	-97.7835
Tyler	Light	TX	32.3476	-95.2943
Tuscola	Light	TX	32.2096	-99.7971
Tomball	Light	TX	30.0958	-95.6171
Timpson	Light	TX	31.9062	-94.3994
Three Rivers	Light	TX	28.4696	-98.1795
Thorndale	Light	TX	30.6141	-97.2049
The Woodlands	Light	TX	30.1575	-95.4558
The Colony	Light	TX	33.0979	-96.8925
Texas City	Light	TX	29.3928	-94.9251
Texarkana	Light	TX	33.4256	-94.0482
Terlingua	Light	TX	29.3211	-103.616
Temple	Light	TX	31.0975	-97.343
Taylor	Light	TX	30.5702	-97.4096
Tatum	Light	TX	32.3156	-94.5164
Talco	Light	TX	33.3592	-95.1089
Sweeny	Light	TX	29.0386	-95.6984
Sunset	Light	TX	33.4528	-97.7668
Sulphur Springs	Light	TX	33.138	-95.6029
Sugar Land	Light	TX	29.633	-95.5995
Spur	Light	TX	33.4759	-100.8557
Springtown	Light	TX	32.9666	-97.6834
Spring	Light	TX	30.0845	-95.4193
Southlake	Light	TX	32.9426	-97.1312
South Padre Island	Light	TX	26.1185	-97.1699
Sour Lake	Light	TX	30.1395	-94.4034
Smithville	Light	TX	30.0087	-97.16
Silsbee	Light	TX	30.3451	-94.1821
Sidney	Light	TX	31.9557	-98.7366
Sherman	Light	TX	33.636	-96.6091
Sealy	Light	TX	29.7845	-96.1584
Santa Fe	Light	TX	29.3704	-95.0826
Santa Anna	Light	TX	31.7423	-99.3229
San Saba	Light	TX	31.1958	-98.7165
San Marcos	Light	TX	29.8861	-97.9282
San Antonio	Light	TX	29.4246	-98.4946
San Angelo	Light	TX	31.4615	-100.4424
Salado	Light	TX	30.9424	-97.5374
Sachse	Light	TX	32.9742	-96.5985
Sabine Pass	Light	TX	29.7339	-93.8942
Royse City	Light	TX	32.975	-96.3331
Round Rock	Light	TX	30.509	-97.6772
Round Mountain	Light	TX	30.4304	-98.345
Rockwall	Light	TX	32.931	-96.4608
Rockport	Light	TX	28.0273	-97.0548
Rochelle	Light	TX	31.2243	-99.2115
Robinson	Light	TX	31.4704	-97.1166
Rising Star	Light	TX	32.0963	-98.9639
Rio Hondo	Light	TX	26.2347	-97.5821
Richmond	Light	TX	29.5827	-95.7622
Richardson	Light	TX	32.9607	-96.733
Reagan	Light	TX	31.2176	-96.7844
Ranger	Light	TX	32.4707	-98.6785
Princeton	Light	TX	33.1807	-96.4971
Pottsboro	Light	TX	33.7628	-96.6612
Post	Light	TX	33.1909	-101.3776
Portland	Light	TX	27.8817	-97.3192
Porter	Light	TX	30.1041	-95.2348
Port Neches	Light	TX	29.9914	-93.9586
Port Arthur	Light	TX	29.8994	-93.9295
Port Aransas	Light	TX	27.836	-97.0682
Plano	Light	TX	33.0208	-96.6992
Pittsburg	Light	TX	32.9956	-94.9671
Pipe Creek	Light	TX	29.7243	-98.9379
Pinehurst	Light	TX	30.1743	-95.6836
Pierce	Light	TX	29.2375	-96.2019
Pflugerville	Light	TX	30.4406	-97.6199
Pecos	Light	TX	31.4256	-103.4942
Pearland	Light	TX	29.5524	-95.2553
Pattonville	Light	TX	33.5816	-95.3934
Pasadena	Light	TX	29.6908	-95.1957
Paris	Light	TX	33.6613	-95.5636
Pampa	Light	TX	35.5319	-100.9588
Palestine	Light	TX	31.7617	-95.632
Paint Rock	Light	TX	31.5085	-99.92
Ozona	Light	TX	30.7106	-101.2015
Ovilla	Light	TX	32.519	-96.8889
Oakwood	Light	TX	31.5856	-95.8478
North Zulch	Light	TX	30.9143	-96.1076
North Richland Hills	Light	TX	32.8385	-97.2266
New Braunfels	Light	TX	29.6989	-98.1209
New Boston	Light	TX	33.4603	-94.4171
Nevada	Light	TX	33.0384	-96.375
Needville	Light	TX	29.3989	-95.8375
Nederland	Light	TX	29.9783	-93.9919
Navasota	Light	TX	30.3881	-96.0878
Natalia	Light	TX	29.1944	-98.8577
Nacogdoches	Light	TX	31.6036	-94.6556
Morgan Mill	Light	TX	32.3841	-98.1698
Montgomery	Light	TX	30.3886	-95.6963
Mineola	Light	TX	32.664	-95.4879
Millican	Light	TX	30.4673	-96.2046
Midland	Light	TX	32	-102.0745
Mesquite	Light	TX	32.7834	-96.6021
Mercedes	Light	TX	26.1536	-97.9135
Menard	Light	TX	30.917	-99.7865
Medina	Light	TX	29.8	-99.2522
McKinney	Light	TX	33.199	-96.615
McAllen	Light	TX	26.2074	-98.2294
Mason	Light	TX	30.7489	-99.2316
Marshall	Light	TX	32.5463	-94.3501
Marble Falls	Light	TX	30.5766	-98.2731
Mansfield	Light	TX	32.5651	-97.1419
Manor	Light	TX	30.3408	-97.5561
Magnolia	Light	TX	30.211	-95.7544
Mabank	Light	TX	32.3654	-96.101
Lumberton	Light	TX	30.2674	-94.1999
Lufkin	Light	TX	31.3424	-94.7183
Lubbock	Light	TX	33.5845	-101.845
Los Fresnos	Light	TX	26.0717	-97.477
Lorenzo	Light	TX	33.6675	-101.5354
Longview	Light	TX	32.5006	-94.7406
Livingston	Light	TX	30.7109	-94.9378
Little Elm	Light	TX	33.1598	-96.9388
Lindsay	Light	TX	33.6403	-97.2254
Lindale	Light	TX	32.5165	-95.4099
Liberty Hill	Light	TX	30.664	-97.922
Liberty	Light	TX	30.0573	-94.7958
Lexington	Light	TX	30.4162	-97.01
Lewisville	Light	TX	33.0472	-96.9959
Leander	Light	TX	30.5791	-97.853
Leakey	Light	TX	29.7248	-99.7631
League City	Light	TX	29.5025	-95.0946
Lavon	Light	TX	33.0267	-96.4335
Lancaster	Light	TX	32.5932	-96.7551
Lampasas	Light	TX	31.0674	-98.1836
Lake Jackson	Light	TX	29.0344	-95.4463
Lago Vista	Light	TX	30.4532	-97.9876
La Porte	Light	TX	29.6525	-95.0248
La Feria	Light	TX	26.1588	-97.824
Krum	Light	TX	33.2614	-97.2378
Kountze	Light	TX	30.3761	-94.314
Kingwood	Light	TX	30.0509	-95.1805
Kingsville	Light	TX	27.5157	-97.8554
Kingsland	Light	TX	30.6609	-98.4458
Killeen	Light	TX	31.1169	-97.7274
Kilgore	Light	TX	32.3803	-94.869
Kerrville	Light	TX	30.0516	-99.1453
Kemah	Light	TX	29.5431	-95.0183
Keller	Light	TX	32.9309	-97.2265
Kaufman	Light	TX	32.5897	-96.3109
Katy	Light	TX	29.7877	-95.8233
Junction	Light	TX	30.4893	-99.7714
Jonestown	Light	TX	30.4924	-97.922
Jewett	Light	TX	31.3604	-96.1452
Jamaica Beach	Light	TX	29.1825	-94.9735
Italy	Light	TX	32.1861	-96.8882
Irving	Light	TX	32.8135	-96.9555
Hutto	Light	TX	30.5436	-97.5429
Hurst	Light	TX	32.8411	-97.1862
Huntsville	Light	TX	30.7238	-95.5522
Huntington	Light	TX	31.2826	-94.5741
Humble	Light	TX	30.0002	-95.2686
Huffman	Light	TX	30.025	-95.0844
Houston	Light	TX	29.7606	-95.3697
Horizon City	Light	TX	31.6827	-106.1866
Hooks	Light	TX	33.474	-94.2893
Honey Grove	Light	TX	33.5829	-95.9096
Hockley	Light	TX	30.0264	-95.846
Hitchcock	Light	TX	29.3467	-95.0105
Hillsboro	Light	TX	32.0113	-97.1302
High Island	Light	TX	29.562	-94.3946
Harper	Light	TX	30.3001	-99.2494
Harlingen	Light	TX	26.1899	-97.6956
Harker Heights	Light	TX	31.0883	-97.6595
Hamilton	Light	TX	31.7036	-98.1237
Haltom City	Light	TX	32.8096	-97.2746
Gunter	Light	TX	33.4469	-96.7434
Gun Barrel City	Light	TX	32.3309	-96.1467
Groves	Light	TX	29.9457	-93.9197
Grapevine	Light	TX	32.9395	-97.0784
Grandview	Light	TX	32.2704	-97.1812
Grand Saline	Light	TX	32.6745	-95.709
Grand Prairie	Light	TX	32.7477	-97.0072
Graford	Light	TX	32.9386	-98.2477
Goree	Light	TX	33.4672	-99.5238
Goodrich	Light	TX	30.6061	-94.9468
Goldsmith	Light	TX	31.9809	-102.6149
Glen Rose	Light	TX	32.2346	-97.7554
Gilmer	Light	TX	32.7297	-94.9448
Georgetown	Light	TX	30.6379	-97.677
Garland	Light	TX	32.9143	-96.6365
Galveston	Light	TX	29.2953	-94.8079
Galena Park	Light	TX	29.7325	-95.2425
Gainesville	Light	TX	33.6243	-97.143
Frost	Light	TX	32.0823	-96.808
Fritch	Light	TX	35.6461	-101.593
Frisco	Light	TX	33.1506	-96.8335
Freeport	Light	TX	28.9496	-95.3443
Fredericksburg	Light	TX	30.275	-98.8721
Franklin	Light	TX	31.0266	-96.4859
Fort Worth	Light	TX	32.751	-97.3309
Fort Stockton	Light	TX	30.8946	-102.8845
Fort Hood	Light	TX	31.1227	-97.7984
Fort Davis	Light	TX	30.5885	-103.8947
Flower Mound	Light	TX	33.0344	-97.0579
Ferris	Light	TX	32.5321	-96.66
Farwell	Light	TX	34.3969	-103.0327
Farmers Branch	Light	TX	32.9218	-96.8927
Eustace	Light	TX	32.3082	-96.007
Euless	Light	TX	32.8397	-97.0915
Ennis	Light	TX	32.3296	-96.6237
Emory	Light	TX	32.8748	-95.7652
Elkhart	Light	TX	31.6252	-95.5797
Elgin	Light	TX	30.349	-97.371
El Paso	Light	TX	31.7592	-106.4875
Edinburg	Light	TX	26.3012	-98.1608
Eastland	Light	TX	32.4014	-98.8181
Dumas	Light	TX	35.8454	-101.9734
Dublin	Light	TX	32.0851	-98.3419
Dripping Springs	Light	TX	30.1916	-98.0797
Dickinson	Light	TX	29.4608	-95.0503
Diboll	Light	TX	31.1828	-94.7824
Denton	Light	TX	33.2166	-97.1316
Del Rio	Light	TX	29.3662	-100.8982
Dean	Light	TX	33.9456	-98.3525
De Leon	Light	TX	32.1166	-98.5351
Dayton	Light	TX	30.0448	-94.8885
Dallas	Light	TX	32.7782	-96.7954
Cypress	Light	TX	29.9758	-95.6779
Cuero	Light	TX	29.0935	-97.2893
Crowley	Light	TX	32.579	-97.3579
Crosby	Light	TX	29.9066	-95.065
Coyanosa	Light	TX	31.2422	-103.0675
Covington	Light	TX	32.1784	-97.2579
Cotulla	Light	TX	28.4386	-99.2415
Corsicana	Light	TX	32.0916	-96.4633
Corpus Christi	Light	TX	27.7964	-97.4037
Coppell	Light	TX	32.9765	-96.9913
Converse	Light	TX	29.5153	-98.3121
Conroe	Light	TX	30.3122	-95.4559
Commerce	Light	TX	33.2504	-95.8982
Comfort	Light	TX	29.9703	-98.904
Comanche	Light	TX	31.8974	-98.6033
Colleyville	Light	TX	32.8846	-97.157
College Station	Light	TX	30.6205	-96.3259
Coleman	Light	TX	31.8272	-99.4268
Cleburne	Light	TX	32.3504	-97.3876
Christoval	Light	TX	31.1897	-100.4975
China Spring	Light	TX	31.653	-97.3059
China	Light	TX	30.0472	-94.3351
Childress	Light	TX	34.4294	-100.2108
Chappell Hill	Light	TX	30.1433	-96.255
Centerville	Light	TX	31.258	-95.9781
Cedar Park	Light	TX	30.5066	-97.8219
Cedar Hill	Light	TX	32.5887	-96.956
Carthage	Light	TX	32.166	-94.3418
Carrollton	Light	TX	32.9756	-96.8902
Carlton	Light	TX	31.9172	-98.1726
Canyon Lake	Light	TX	29.875	-98.2631
Canyon	Light	TX	34.9856	-101.9363
Canton	Light	TX	32.5559	-95.8613
Burton	Light	TX	30.182	-96.5958
Burnet	Light	TX	30.7584	-98.2272
Burleson	Light	TX	32.5631	-97.3217
Buna	Light	TX	30.4346	-93.9631
Bulverde	Light	TX	29.7461	-98.4517
Buffalo	Light	TX	31.4648	-96.0556
Buda	Light	TX	30.0813	-97.8432
Bryan	Light	TX	30.671	-96.3704
Brownwood	Light	TX	31.7253	-98.9807
Brownsville	Light	TX	25.9021	-97.4992
Brownfield	Light	TX	33.18	-102.275
Brookshire	Light	TX	29.7863	-95.9562
Brenham	Light	TX	30.166	-96.4
Brady	Light	TX	31.1348	-99.3365
Borger	Light	TX	35.6679	-101.3904
Bonham	Light	TX	33.5785	-96.178
Bogata	Light	TX	33.4713	-95.2137
Blackwell	Light	TX	32.0872	-100.318
Big Spring	Light	TX	32.2503	-101.4791
Big Lake	Light	TX	31.1922	-101.4673
Bertram	Light	TX	30.7438	-98.0555
Benbrook	Light	TX	32.6786	-97.4526
Ben Wheeler	Light	TX	32.447	-95.7058
Belton	Light	TX	31.0571	-97.4635
Beeville	Light	TX	28.402	-97.7494
Bedford	Light	TX	32.8405	-97.1419
Beckville	Light	TX	32.2431	-94.4555
Beaumont	Light	TX	30.0862	-94.1014
Beach City	Light	TX	29.6658	-94.8887
Baytown	Light	TX	29.7286	-94.9966
Bay City	Light	TX	28.983	-95.9694
Bastrop	Light	TX	30.1105	-97.3194
Bandera	Light	TX	29.7258	-99.0692
Baird	Light	TX	32.3944	-99.3949
Azle	Light	TX	32.8835	-97.5371
Austin	Light	TX	30.2676	-97.743
Aubrey	Light	TX	33.3039	-96.9863
Athens	Light	TX	32.2043	-95.8555
Atascocita	Light	TX	29.9985	-95.1777
Aspermont	Light	TX	33.1502	-100.2161
Arp	Light	TX	32.2251	-95.0599
Arlington	Light	TX	32.7356	-97.1077
Aransas Pass	Light	TX	27.9033	-97.1478
Angleton	Light	TX	29.1645	-95.432
Amarillo	Light	TX	35.2073	-101.8339
Alvin	Light	TX	29.4238	-95.2454
Alvarado	Light	TX	32.4069	-97.2108
Alto	Light	TX	31.6512	-95.073
Alpine	Light	TX	30.3587	-103.6612
Allen	Light	TX	33.1011	-96.6745
Alice	Light	TX	27.7508	-98.065
Aledo	Light	TX	32.696	-97.605
Abilene	Light	TX	32.4492	-99.7414
Whitney	Formation	TX	31.9519	-97.3218
Weslaco	Formation	TX	26.1593	-97.9907
Weatherford	Formation	TX	32.759	-97.801
Tomball	Formation	TX	30.0958	-95.6171
The Woodlands	Formation	TX	30.1575	-95.4558
Terrell	Formation	TX	32.7378	-96.2749
Sulphur Springs	Formation	TX	33.138	-95.6029
Sullivan City	Formation	TX	26.2777	-98.5648
Stephenville	Formation	TX	32.2203	-98.202
Seabrook	Formation	TX	29.564	-95.0245
San Saba	Formation	TX	31.1958	-98.7165
San Marcos	Formation	TX	29.8861	-97.9282
San Antonio	Formation	TX	29.4246	-98.4946
San Angelo	Formation	TX	31.4615	-100.4424
Salado	Formation	TX	30.9424	-97.5374
Royse City	Formation	TX	32.975	-96.3331
Riverside	Formation	TX	30.8508	-95.4052
Richardson	Formation	TX	32.9607	-96.733
Rancho Viejo	Formation	TX	26.0448	-97.5499
Quinlan	Formation	TX	32.9104	-96.1371
Presidio	Formation	TX	29.5616	-104.3717
Plano	Formation	TX	33.0208	-96.6992
Pilot Point	Formation	TX	33.3967	-96.9598
Pflugerville	Formation	TX	30.4406	-97.6199
Orange	Formation	TX	30.0931	-93.7367
Omaha	Formation	TX	33.1809	-94.7433
Odessa	Formation	TX	31.8492	-102.3752
New Caney	Formation	TX	30.1548	-95.2135
New Braunfels	Formation	TX	29.6989	-98.1209
Nacogdoches	Formation	TX	31.6036	-94.6556
Moore	Formation	TX	29.056	-99.0104
Missouri City	Formation	TX	29.607	-95.527
Midlothian	Formation	TX	32.4844	-96.9937
Midland	Formation	TX	32	-102.0745
Mico	Formation	TX	29.5546	-98.905
Lewisville	Formation	TX	33.0472	-96.9959
Leon Valley	Formation	TX	29.4926	-98.6166
Lago Vista	Formation	TX	30.4532	-97.9876
Kingwood	Formation	TX	30.0509	-95.1805
Kerens	Formation	TX	32.129	-96.2259
Keller	Formation	TX	32.9309	-97.2265
Johnson City	Formation	TX	30.2767	-98.4114
Irving	Formation	TX	32.8135	-96.9555
Hutto	Formation	TX	30.5436	-97.5429
Humble	Formation	TX	30.0002	-95.2686
Houston	Formation	TX	29.7606	-95.3697
Hondo	Formation	TX	29.3476	-99.1408
Haslet	Formation	TX	32.9748	-97.3485
Goldthwaite	Formation	TX	31.4509	-98.568
Garland	Formation	TX	32.9143	-96.6365
Galveston	Formation	TX	29.2953	-94.8079
Fort Worth	Formation	TX	32.751	-97.3309
Flower Mound	Formation	TX	33.0344	-97.0579
Fairfield	Formation	TX	31.7251	-96.1622
Encinal	Formation	TX	28.0462	-99.3567
El Paso	Formation	TX	31.7592	-106.4875
Dickinson	Formation	TX	29.4608	-95.0503
Denton	Formation	TX	33.2166	-97.1316
De Leon	Formation	TX	32.1166	-98.5351
Dallas	Formation	TX	32.7782	-96.7954
Cypress	Formation	TX	29.9758	-95.6779
Corpus Christi	Formation	TX	27.7964	-97.4037
Coppell	Formation	TX	32.9765	-96.9913
Comanche	Formation	TX	31.8974	-98.6033
College Station	Formation	TX	30.6205	-96.3259
Cisco	Formation	TX	32.3877	-98.979
Cedar Park	Formation	TX	30.5066	-97.8219
Cedar Hill	Formation	TX	32.5887	-96.956
Carrollton	Formation	TX	32.9756	-96.8902
Canyon	Formation	TX	34.9856	-101.9363
Brazoria	Formation	TX	29.0497	-95.562
Baytown	Formation	TX	29.7286	-94.9966
Bastrop	Formation	TX	30.1105	-97.3194
Austin	Formation	TX	30.2676	-97.743
Arlington	Formation	TX	32.7356	-97.1077
Angleton	Formation	TX	29.1645	-95.432
Amarillo	Formation	TX	35.2073	-101.8339
Aledo	Formation	TX	32.696	-97.605
Abilene	Formation	TX	32.4492	-99.7414
Wichita Falls	Flash	TX	33.9083	-98.501
Weatherford	Flash	TX	32.759	-97.801
Tyler	Flash	TX	32.3476	-95.2943
Tuscola	Flash	TX	32.2096	-99.7971
Tomball	Flash	TX	30.0958	-95.6171
The Colony	Flash	TX	33.0979	-96.8925
Tennyson	Flash	TX	31.7424	-100.2856
Stephenville	Flash	TX	32.2203	-98.202
Seguin	Flash	TX	29.5695	-97.9647
Sanger	Flash	TX	33.3623	-97.1717
San Antonio	Flash	TX	29.4246	-98.4946
San Angelo	Flash	TX	31.4615	-100.4424
Round Rock	Flash	TX	30.509	-97.6772
Princeton	Flash	TX	33.1807	-96.4971
Pleasanton	Flash	TX	28.9674	-98.4788
Petersburg	Flash	TX	33.8745	-101.5979
Payne Springs	Flash	TX	32.2782	-96.0682
Pasadena	Flash	TX	29.6908	-95.1957
Nederland	Flash	TX	29.9783	-93.9919
Navasota	Flash	TX	30.3881	-96.0878
Murphy	Flash	TX	33.0178	-96.6127
Moran	Flash	TX	32.5477	-99.1654
Missouri City	Flash	TX	29.607	-95.527
McAllen	Flash	TX	26.2074	-98.2294
Mansfield	Flash	TX	32.5651	-97.1419
Liberty Hill	Flash	TX	30.664	-97.922
Lewisville	Flash	TX	33.0472	-96.9959
Killeen	Flash	TX	31.1169	-97.7274
Jacksonville	Flash	TX	31.963	-95.2702
Ingram	Flash	TX	30.0751	-99.2385
Houston	Flash	TX	29.7606	-95.3697
Highland Village	Flash	TX	33.0854	-97.0534
Hereford	Flash	TX	34.8122	-102.4058
Hardin	Flash	TX	30.1556	-94.7391
Georgetown	Flash	TX	30.6379	-97.677
George West	Flash	TX	28.3308	-98.1161
Gatesville	Flash	TX	31.4349	-97.7437
Garland	Flash	TX	32.9143	-96.6365
Frisco	Flash	TX	33.1506	-96.8335
Fort Stockton	Flash	TX	30.8946	-102.8845
Eastland	Flash	TX	32.4014	-98.8181
Dallas	Flash	TX	32.7782	-96.7954
Cushing	Flash	TX	31.8169	-94.8419
Crystal City	Flash	TX	28.6781	-99.8286
Cross Plains	Flash	TX	32.1213	-99.1655
Copperas Cove	Flash	TX	31.1242	-97.9036
Clifton	Flash	TX	31.7819	-97.5767
Cleveland	Flash	TX	30.343	-95.0896
Center	Flash	TX	31.7962	-94.1797
Carrollton	Flash	TX	32.9756	-96.8902
Buffalo	Flash	TX	31.4648	-96.0556
Buda	Flash	TX	30.0813	-97.8432
Belton	Flash	TX	31.0571	-97.4635
Beeville	Flash	TX	28.402	-97.7494
Beaumont	Flash	TX	30.0862	-94.1014
Bandera	Flash	TX	29.7258	-99.0692
Austin	Flash	TX	30.2676	-97.743
Arlington	Flash	TX	32.7356	-97.1077
Angleton	Flash	TX	29.1645	-95.432
Amarillo	Flash	TX	35.2073	-101.8339
Aledo	Flash	TX	32.696	-97.605
Wylie	Fireball	TX	33.023	-96.5149
Woodville	Fireball	TX	30.7753	-94.4143
Wolfforth	Fireball	TX	33.5099	-102.009
Winnie	Fireball	TX	29.8204	-94.3847
Wichita Falls	Fireball	TX	33.9083	-98.501
West Columbia	Fireball	TX	29.1435	-95.644
Waco	Fireball	TX	31.5718	-97.1495
Valley Mills	Fireball	TX	31.6601	-97.4721
Tyler	Fireball	TX	32.3476	-95.2943
Tilden	Fireball	TX	28.4613	-98.5491
The Woodlands	Fireball	TX	30.1575	-95.4558
Terlingua	Fireball	TX	29.3211	-103.616
Teague	Fireball	TX	31.6277	-96.284
Sugar Land	Fireball	TX	29.633	-95.5995
Spring Branch	Fireball	TX	29.9205	-98.4107
Spring	Fireball	TX	30.0845	-95.4193
Southlake	Fireball	TX	32.9426	-97.1312
Selma	Fireball	TX	29.5895	-98.3047
Seguin	Fireball	TX	29.5695	-97.9647
Santa Fe	Fireball	TX	29.3704	-95.0826
San Antonio	Fireball	TX	29.4246	-98.4946
San Angelo	Fireball	TX	31.4615	-100.4424
Saginaw	Fireball	TX	32.8586	-97.3695
Rowlett	Fireball	TX	32.901	-96.5696
Round Rock	Fireball	TX	30.509	-97.6772
Rosanky	Fireball	TX	29.9292	-97.2945
Richwood	Fireball	TX	29.0596	-95.4059
Richardson	Fireball	TX	32.9607	-96.733
Porter	Fireball	TX	30.1041	-95.2348
Plano	Fireball	TX	33.0208	-96.6992
Pharr	Fireball	TX	26.1949	-98.1837
Pflugerville	Fireball	TX	30.4406	-97.6199
Pep	Fireball	TX	33.8157	-102.5586
Pearland	Fireball	TX	29.5524	-95.2553
Pampa	Fireball	TX	35.5319	-100.9588
Odessa	Fireball	TX	31.8492	-102.3752
Newton	Fireball	TX	30.8484	-93.7602
New Caney	Fireball	TX	30.1548	-95.2135
New Braunfels	Fireball	TX	29.6989	-98.1209
Needville	Fireball	TX	29.3989	-95.8375
Nacogdoches	Fireball	TX	31.6036	-94.6556
Montgomery	Fireball	TX	30.3886	-95.6963
Missouri City	Fireball	TX	29.607	-95.527
Mexia	Fireball	TX	31.6843	-96.478
Meridian	Fireball	TX	31.9235	-97.6568
McKinney	Fireball	TX	33.199	-96.615
Lubbock	Fireball	TX	33.5845	-101.845
Longview	Fireball	TX	32.5006	-94.7406
Lewisville	Fireball	TX	33.0472	-96.9959
League City	Fireball	TX	29.5025	-95.0946
Lavon	Fireball	TX	33.0267	-96.4335
Laredo	Fireball	TX	27.5309	-99.5022
Lake Jackson	Fireball	TX	29.0344	-95.4463
Lake Dallas	Fireball	TX	33.1192	-97.0276
La Pryor	Fireball	TX	28.9416	-99.8493
Kingwood	Fireball	TX	30.0509	-95.1805
Keller	Fireball	TX	32.9309	-97.2265
Kaufman	Fireball	TX	32.5897	-96.3109
Katy	Fireball	TX	29.7877	-95.8233
Johnson City	Fireball	TX	30.2767	-98.4114
Irving	Fireball	TX	32.8135	-96.9555
Ingleside	Fireball	TX	27.8812	-97.2089
Hurst	Fireball	TX	32.8411	-97.1862
Humble	Fireball	TX	30.0002	-95.2686
Huffman	Fireball	TX	30.025	-95.0844
Houston	Fireball	TX	29.7606	-95.3697
Highlands	Fireball	TX	29.8189	-95.0535
Highland Village	Fireball	TX	33.0854	-97.0534
Hidalgo	Fireball	TX	26.099	-98.2691
Hallettsville	Fireball	TX	29.4471	-96.9428
Grapevine	Fireball	TX	32.9395	-97.0784
Granger	Fireball	TX	30.7182	-97.443
Grand Prairie	Fireball	TX	32.7477	-97.0072
Garland	Fireball	TX	32.9143	-96.6365
Galveston	Fireball	TX	29.2953	-94.8079
Fulshear	Fireball	TX	29.6906	-95.9
Friendswood	Fireball	TX	29.53	-95.2002
Fredericksburg	Fireball	TX	30.275	-98.8721
Fort Worth	Fireball	TX	32.751	-97.3309
Fort Davis	Fireball	TX	30.5885	-103.8947
Forney	Fireball	TX	32.749	-96.4705
Flower Mound	Fireball	TX	33.0344	-97.0579
Floresville	Fireball	TX	29.133	-98.1566
Ferris	Fireball	TX	32.5321	-96.66
Eureka	Fireball	TX	32.0152	-96.3066
Euless	Fireball	TX	32.8397	-97.0915
Emory	Fireball	TX	32.8748	-95.7652
El Paso	Fireball	TX	31.7592	-106.4875
Dripping Springs	Fireball	TX	30.1916	-98.0797
Denton	Fireball	TX	33.2166	-97.1316
Dallas	Fireball	TX	32.7782	-96.7954
Cypress	Fireball	TX	29.9758	-95.6779
Cushing	Fireball	TX	31.8169	-94.8419
Corpus Christi	Fireball	TX	27.7964	-97.4037
Coppell	Fireball	TX	32.9765	-96.9913
Conroe	Fireball	TX	30.3122	-95.4559
Columbus	Fireball	TX	29.7064	-96.5463
College Station	Fireball	TX	30.6205	-96.3259
Coleman	Fireball	TX	31.8272	-99.4268
Cleveland	Fireball	TX	30.343	-95.0896
Center	Fireball	TX	31.7962	-94.1797
Cedar Park	Fireball	TX	30.5066	-97.8219
Carmine	Fireball	TX	30.1501	-96.6839
Canyon Lake	Fireball	TX	29.875	-98.2631
Canyon	Fireball	TX	34.9856	-101.9363
Calvert	Fireball	TX	30.9777	-96.6736
Burnet	Fireball	TX	30.7584	-98.2272
Burleson	Fireball	TX	32.5631	-97.3217
Buffalo	Fireball	TX	31.4648	-96.0556
Brownwood	Fireball	TX	31.7253	-98.9807
Bonham	Fireball	TX	33.5785	-96.178
Bertram	Fireball	TX	30.7438	-98.0555
Baytown	Fireball	TX	29.7286	-94.9966
Bastrop	Fireball	TX	30.1105	-97.3194
Baird	Fireball	TX	32.3944	-99.3949
Azle	Fireball	TX	32.8835	-97.5371
Austin	Fireball	TX	30.2676	-97.743
Aubrey	Fireball	TX	33.3039	-96.9863
Atlanta	Fireball	TX	33.1153	-94.1681
Athens	Fireball	TX	32.2043	-95.8555
Atascocita	Fireball	TX	29.9985	-95.1777
Arlington	Fireball	TX	32.7356	-97.1077
Anson	Fireball	TX	32.7513	-99.8968
Anna	Fireball	TX	33.3496	-96.5512
Amarillo	Fireball	TX	35.2073	-101.8339
Alvin	Fireball	TX	29.4238	-95.2454
Alvarado	Fireball	TX	32.4069	-97.2108
Aledo	Fireball	TX	32.696	-97.605
Albany	Fireball	TX	32.7234	-99.2963
Addison	Fireball	TX	32.954	-96.8177
Abilene	Fireball	TX	32.4492	-99.7414
Winters	Egg	TX	31.9577	-99.9635
Winnsboro	Egg	TX	32.9578	-95.2902
Whitewright	Egg	TX	33.5127	-96.3933
Waco	Egg	TX	31.5718	-97.1495
Spring	Egg	TX	30.0845	-95.4193
San Antonio	Egg	TX	29.4246	-98.4946
Rowlett	Egg	TX	32.901	-96.5696
Round Rock	Egg	TX	30.509	-97.6772
Plainview	Egg	TX	34.1977	-101.6981
New Boston	Egg	TX	33.4603	-94.4171
Muenster	Egg	TX	33.652	-97.3763
Mineola	Egg	TX	32.664	-95.4879
Mexia	Egg	TX	31.6843	-96.478
Lewisville	Egg	TX	33.0472	-96.9959
Lamesa	Egg	TX	32.7365	-101.9517
Katy	Egg	TX	29.7877	-95.8233
Houston	Egg	TX	29.7606	-95.3697
Fischer	Egg	TX	29.976	-98.265
Emory	Egg	TX	32.8748	-95.7652
Duncanville	Egg	TX	32.6462	-96.905
Dripping Springs	Egg	TX	30.1916	-98.0797
Dallas	Egg	TX	32.7782	-96.7954
Covington	Egg	TX	32.1784	-97.2579
Buda	Egg	TX	30.0813	-97.8432
Bonham	Egg	TX	33.5785	-96.178
Bertram	Egg	TX	30.7438	-98.0555
Austin	Egg	TX	30.2676	-97.743
Arlington	Egg	TX	32.7356	-97.1077
Allen	Egg	TX	33.1011	-96.6745
Wolfforth	Disk	TX	33.5099	-102.009
Wichita Falls	Disk	TX	33.9083	-98.501
Whitehouse	Disk	TX	32.2263	-95.2261
Waxahachie	Disk	TX	32.3861	-96.8484
Vega	Disk	TX	35.2425	-102.4284
Van Horn	Disk	TX	31.0415	-104.8308
Van Alstyne	Disk	TX	33.4218	-96.5768
Tuscola	Disk	TX	32.2096	-99.7971
Tomball	Disk	TX	30.0958	-95.6171
The Colony	Disk	TX	33.0979	-96.8925
Texas City	Disk	TX	29.3928	-94.9251
Texarkana	Disk	TX	33.4256	-94.0482
Terrell	Disk	TX	32.7378	-96.2749
Sulphur Springs	Disk	TX	33.138	-95.6029
Stephenville	Disk	TX	32.2203	-98.202
Spurger	Disk	TX	30.6925	-94.1817
Spicewood	Disk	TX	30.474	-98.1558
Snyder	Disk	TX	32.7171	-100.9178
Sherman	Disk	TX	33.636	-96.6091
Seguin	Disk	TX	29.5695	-97.9647
Schertz	Disk	TX	29.568	-98.2721
Santa Fe	Disk	TX	29.3704	-95.0826
San Marcos	Disk	TX	29.8861	-97.9282
San Elizario	Disk	TX	31.588	-106.2722
San Antonio	Disk	TX	29.4246	-98.4946
Royse City	Disk	TX	32.975	-96.3331
Rowlett	Disk	TX	32.901	-96.5696
Round Rock	Disk	TX	30.509	-97.6772
Rockport	Disk	TX	28.0273	-97.0548
Richardson	Disk	TX	32.9607	-96.733
Post	Disk	TX	33.1909	-101.3776
Port Isabel	Disk	TX	26.0774	-97.2084
Plano	Disk	TX	33.0208	-96.6992
Pecos	Disk	TX	31.4256	-103.4942
Pasadena	Disk	TX	29.6908	-95.1957
Paris	Disk	TX	33.6613	-95.5636
Odessa	Disk	TX	31.8492	-102.3752
North Richland Hills	Disk	TX	32.8385	-97.2266
Nolanville	Disk	TX	31.0786	-97.6054
Nixon	Disk	TX	29.2675	-97.764
Newark	Disk	TX	33.002	-97.4832
New Braunfels	Disk	TX	29.6989	-98.1209
Moody	Disk	TX	31.3083	-97.3611
Montgomery	Disk	TX	30.3886	-95.6963
Mission	Disk	TX	26.2156	-98.3258
Millsap	Disk	TX	32.7468	-98.0092
Midland	Disk	TX	32	-102.0745
Mesquite	Disk	TX	32.7834	-96.6021
Merkel	Disk	TX	32.4708	-100.0136
McAllen	Disk	TX	26.2074	-98.2294
Marshall	Disk	TX	32.5463	-94.3501
Mansfield	Disk	TX	32.5651	-97.1419
Magnolia	Disk	TX	30.211	-95.7544
Lumberton	Disk	TX	30.2674	-94.1999
Lufkin	Disk	TX	31.3424	-94.7183
Longview	Disk	TX	32.5006	-94.7406
Lometa	Disk	TX	31.2167	-98.3934
Livingston	Disk	TX	30.7109	-94.9378
League City	Disk	TX	29.5025	-95.0946
Laredo	Disk	TX	27.5309	-99.5022
Lakeway	Disk	TX	30.3627	-97.98
Lake Jackson	Disk	TX	29.0344	-95.4463
Laguna Vista	Disk	TX	26.1021	-97.2914
La Porte	Disk	TX	29.6525	-95.0248
La Joya	Disk	TX	26.2476	-98.4795
Krum	Disk	TX	33.2614	-97.2378
Kingwood	Disk	TX	30.0509	-95.1805
Kingsville	Disk	TX	27.5157	-97.8554
Kennedale	Disk	TX	32.6492	-97.2248
Katy	Disk	TX	29.7877	-95.8233
Junction	Disk	TX	30.4893	-99.7714
Ingleside	Disk	TX	27.8812	-97.2089
Hurst	Disk	TX	32.8411	-97.1862
Huntsville	Disk	TX	30.7238	-95.5522
Humble	Disk	TX	30.0002	-95.2686
Houston	Disk	TX	29.7606	-95.3697
Honey Grove	Disk	TX	33.5829	-95.9096
Holliday	Disk	TX	33.8162	-98.6945
Hico	Disk	TX	31.9826	-98.0322
Groveton	Disk	TX	31.0556	-95.1273
Groom	Disk	TX	35.2005	-101.1074
Granite Shoals	Disk	TX	30.5967	-98.3816
Grand Prairie	Disk	TX	32.7477	-97.0072
Granbury	Disk	TX	32.4423	-97.7943
Golden	Disk	TX	32.7298	-95.5628
Garland	Disk	TX	32.9143	-96.6365
Fulshear	Disk	TX	29.6906	-95.9
Freer	Disk	TX	27.8827	-98.6177
Fredericksburg	Disk	TX	30.275	-98.8721
Fort Worth	Disk	TX	32.751	-97.3309
Fort Stockton	Disk	TX	30.8946	-102.8845
Fort Hood	Disk	TX	31.1227	-97.7984
Fort Davis	Disk	TX	30.5885	-103.8947
Flower Mound	Disk	TX	33.0344	-97.0579
Farmers Branch	Disk	TX	32.9218	-96.8927
Euless	Disk	TX	32.8397	-97.0915
Elgin	Disk	TX	30.349	-97.371
Electra	Disk	TX	34.0294	-98.9251
El Paso	Disk	TX	31.7592	-106.4875
Dilley	Disk	TX	28.6669	-99.1686
Devine	Disk	TX	29.1407	-98.9054
Denton	Disk	TX	33.2166	-97.1316
Decatur	Disk	TX	33.2347	-97.586
Dallas	Disk	TX	32.7782	-96.7954
Cross Roads	Disk	TX	33.2308	-97.003
Crosby	Disk	TX	29.9066	-95.065
Crandall	Disk	TX	32.6276	-96.451
Coyanosa	Disk	TX	31.2422	-103.0675
Corpus Christi	Disk	TX	27.7964	-97.4037
Converse	Disk	TX	29.5153	-98.3121
Conroe	Disk	TX	30.3122	-95.4559
College Station	Disk	TX	30.6205	-96.3259
Cleburne	Disk	TX	32.3504	-97.3876
Chatfield	Disk	TX	32.2412	-96.4091
Cedar Park	Disk	TX	30.5066	-97.8219
Caldwell	Disk	TX	30.5324	-96.6929
Caddo Mills	Disk	TX	33.0656	-96.2269
Burnet	Disk	TX	30.7584	-98.2272
Brownwood	Disk	TX	31.7253	-98.9807
Brownsville	Disk	TX	25.9021	-97.4992
Brady	Disk	TX	31.1348	-99.3365
Boyd	Disk	TX	33.0786	-97.5608
Borger	Disk	TX	35.6679	-101.3904
Bogata	Disk	TX	33.4713	-95.2137
Boerne	Disk	TX	29.7896	-98.7293
Beaumont	Disk	TX	30.0862	-94.1014
Bastrop	Disk	TX	30.1105	-97.3194
Austin	Disk	TX	30.2676	-97.743
Atascocita	Disk	TX	29.9985	-95.1777
Arlington	Disk	TX	32.7356	-97.1077
Argyle	Disk	TX	33.1215	-97.1854
Amarillo	Disk	TX	35.2073	-101.8339
Alice	Disk	TX	27.7508	-98.065
Aledo	Disk	TX	32.696	-97.605
Abilene	Disk	TX	32.4492	-99.7414
Wichita Falls	Diamond	TX	33.9083	-98.501
Valley View	Diamond	TX	33.4882	-97.1648
Temple	Diamond	TX	31.0975	-97.343
Spring	Diamond	TX	30.0845	-95.4193
San Marcos	Diamond	TX	29.8861	-97.9282
San Antonio	Diamond	TX	29.4246	-98.4946
Round Rock	Diamond	TX	30.509	-97.6772
Richardson	Diamond	TX	32.9607	-96.733
Princeton	Diamond	TX	33.1807	-96.4971
Pennington	Diamond	TX	31.1914	-95.235
Panhandle	Diamond	TX	35.3531	-101.3818
Orange	Diamond	TX	30.0931	-93.7367
Odessa	Diamond	TX	31.8492	-102.3752
Lago Vista	Diamond	TX	30.4532	-97.9876
Kingwood	Diamond	TX	30.0509	-95.1805
Kerrville	Diamond	TX	30.0516	-99.1453
Kennedale	Diamond	TX	32.6492	-97.2248
Katy	Diamond	TX	29.7877	-95.8233
Jayton	Diamond	TX	33.2478	-100.5737
Irving	Diamond	TX	32.8135	-96.9555
Houston	Diamond	TX	29.7606	-95.3697
Happy	Diamond	TX	34.7429	-101.8526
Garland	Diamond	TX	32.9143	-96.6365
Friendswood	Diamond	TX	29.53	-95.2002
El Paso	Diamond	TX	31.7592	-106.4875
Deweyville	Diamond	TX	30.3015	-93.7496
Denton	Diamond	TX	33.2166	-97.1316
Del Rio	Diamond	TX	29.3662	-100.8982
Dallas	Diamond	TX	32.7782	-96.7954
Cushing	Diamond	TX	31.8169	-94.8419
Crosby	Diamond	TX	29.9066	-95.065
Copperas Cove	Diamond	TX	31.1242	-97.9036
Conroe	Diamond	TX	30.3122	-95.4559
Colorado City	Diamond	TX	32.3881	-100.861
Cameron	Diamond	TX	30.8532	-96.977
Caldwell	Diamond	TX	30.5324	-96.6929
Brownsville	Diamond	TX	25.9021	-97.4992
Bronte	Diamond	TX	31.8875	-100.2927
Big Bend National Park	Diamond	TX	29.3282	-103.2061
Ballinger	Diamond	TX	31.7396	-99.9471
Austin	Diamond	TX	30.2676	-97.743
Arlington	Diamond	TX	32.7356	-97.1077
Amarillo	Diamond	TX	35.2073	-101.8339
Alvin	Diamond	TX	29.4238	-95.2454
Alamo	Diamond	TX	26.1839	-98.1232
Adkins	Diamond	TX	29.385	-98.2394
Lufkin	Delta	TX	31.3424	-94.7183
Wichita Falls	Cylinder	TX	33.9083	-98.501
Waxahachie	Cylinder	TX	32.3861	-96.8484
Waco	Cylinder	TX	31.5718	-97.1495
Temple	Cylinder	TX	31.0975	-97.343
Taylor	Cylinder	TX	30.5702	-97.4096
Sugar Land	Cylinder	TX	29.633	-95.5995
Spicewood	Cylinder	TX	30.474	-98.1558
Shiner	Cylinder	TX	29.4286	-97.1711
San Marcos	Cylinder	TX	29.8861	-97.9282
San Antonio	Cylinder	TX	29.4246	-98.4946
San Angelo	Cylinder	TX	31.4615	-100.4424
Port Isabel	Cylinder	TX	26.0774	-97.2084
Plano	Cylinder	TX	33.0208	-96.6992
Palacios	Cylinder	TX	28.7015	-96.216
Odessa	Cylinder	TX	31.8492	-102.3752
North Richland Hills	Cylinder	TX	32.8385	-97.2266
Montgomery	Cylinder	TX	30.3886	-95.6963
Mesquite	Cylinder	TX	32.7834	-96.6021
McKinney	Cylinder	TX	33.199	-96.615
Mansfield	Cylinder	TX	32.5651	-97.1419
Lubbock	Cylinder	TX	33.5845	-101.845
Lewisville	Cylinder	TX	33.0472	-96.9959
Leander	Cylinder	TX	30.5791	-97.853
Lago Vista	Cylinder	TX	30.4532	-97.9876
Kosse	Cylinder	TX	31.3076	-96.6317
Kingsville	Cylinder	TX	27.5157	-97.8554
Keller	Cylinder	TX	32.9309	-97.2265
Katy	Cylinder	TX	29.7877	-95.8233
Irving	Cylinder	TX	32.8135	-96.9555
Houston	Cylinder	TX	29.7606	-95.3697
Garwood	Cylinder	TX	29.4465	-96.4014
Galveston	Cylinder	TX	29.2953	-94.8079
Fort Worth	Cylinder	TX	32.751	-97.3309
Fairfield	Cylinder	TX	31.7251	-96.1622
Eustace	Cylinder	TX	32.3082	-96.007
Driscoll	Cylinder	TX	27.6723	-97.7522
Cypress	Cylinder	TX	29.9758	-95.6779
Crosby	Cylinder	TX	29.9066	-95.065
Corpus Christi	Cylinder	TX	27.7964	-97.4037
Comfort	Cylinder	TX	29.9703	-98.904
College Station	Cylinder	TX	30.6205	-96.3259
Clyde	Cylinder	TX	32.406	-99.4965
Chillicothe	Cylinder	TX	34.2583	-99.5162
Cedar Park	Cylinder	TX	30.5066	-97.8219
Brownsville	Cylinder	TX	25.9021	-97.4992
Beaumont	Cylinder	TX	30.0862	-94.1014
Bastrop	Cylinder	TX	30.1105	-97.3194
Avinger	Cylinder	TX	32.8969	-94.5509
Austin	Cylinder	TX	30.2676	-97.743
Arlington	Cylinder	TX	32.7356	-97.1077
Anahuac	Cylinder	TX	29.773	-94.6816
Alice	Cylinder	TX	27.7508	-98.065
Webster	Cross	TX	29.5334	-95.1191
Round Rock	Cross	TX	30.509	-97.6772
North Richland Hills	Cross	TX	32.8385	-97.2266
Midland	Cross	TX	32	-102.0745
Katy	Cross	TX	29.7877	-95.8233
Carrollton	Cross	TX	32.9756	-96.8902
Azle	Cross	TX	32.8835	-97.5371
Arlington	Cross	TX	32.7356	-97.1077
Angleton	Cross	TX	29.1645	-95.432
Amarillo	Cross	TX	35.2073	-101.8339
Weslaco	Cone	TX	26.1593	-97.9907
Vidor	Cone	TX	30.1245	-94.0127
Spring	Cone	TX	30.0845	-95.4193
Seguin	Cone	TX	29.5695	-97.9647
Round Rock	Cone	TX	30.509	-97.6772
Port Mansfield	Cone	TX	26.5478	-97.4354
Plano	Cone	TX	33.0208	-96.6992
Pearland	Cone	TX	29.5524	-95.2553
Ozona	Cone	TX	30.7106	-101.2015
Harlingen	Cone	TX	26.1899	-97.6956
Granbury	Cone	TX	32.4423	-97.7943
Emory	Cone	TX	32.8748	-95.7652
Colleyville	Cone	TX	32.8846	-97.157
Austin	Cone	TX	30.2676	-97.743
Abilene	Cone	TX	32.4492	-99.7414
Woodville	Circle	TX	30.7753	-94.4143
Winfield	Circle	TX	33.1706	-95.1111
Wilmer	Circle	TX	32.5896	-96.6841
Webster	Circle	TX	29.5334	-95.1191
Waxahachie	Circle	TX	32.3861	-96.8484
Watauga	Circle	TX	32.8746	-97.255
Waco	Circle	TX	31.5718	-97.1495
Valentine	Circle	TX	30.5872	-104.4996
Uvalde	Circle	TX	29.2073	-99.7938
Turkey	Circle	TX	34.3931	-100.89
Trinity	Circle	TX	30.9461	-95.3746
Tomball	Circle	TX	30.0958	-95.6171
The Colony	Circle	TX	33.0979	-96.8925
Texhoma	Circle	TX	36.4997	-101.7881
Texas City	Circle	TX	29.3928	-94.9251
Texarkana	Circle	TX	33.4256	-94.0482
Terrell	Circle	TX	32.7378	-96.2749
Sulphur Springs	Circle	TX	33.138	-95.6029
Stinnett	Circle	TX	35.8266	-101.443
Stephenville	Circle	TX	32.2203	-98.202
Stafford	Circle	TX	29.6148	-95.5571
Springtown	Circle	TX	32.9666	-97.6834
Spring	Circle	TX	30.0845	-95.4193
Spicewood	Circle	TX	30.474	-98.1558
Smithville	Circle	TX	30.0087	-97.16
Sherman	Circle	TX	33.636	-96.6091
Shallowater	Circle	TX	33.691	-102.0003
Seminole	Circle	TX	32.7266	-102.6451
Seagoville	Circle	TX	32.6488	-96.5412
Scurry	Circle	TX	32.5175	-96.3793
Schulenburg	Circle	TX	29.6821	-96.9038
Santo	Circle	TX	32.6034	-98.2151
Santa Maria	Circle	TX	26.0782	-97.8446
Santa Fe	Circle	TX	29.3704	-95.0826
San Benito	Circle	TX	26.1323	-97.6314
San Antonio	Circle	TX	29.4246	-98.4946
San Angelo	Circle	TX	31.4615	-100.4424
Rowlett	Circle	TX	32.901	-96.5696
Round Rock	Circle	TX	30.509	-97.6772
Robstown	Circle	TX	27.7895	-97.6642
Robinson	Circle	TX	31.4704	-97.1166
Riverside	Circle	TX	30.8508	-95.4052
Rio Hondo	Circle	TX	26.2347	-97.5821
Richmond	Circle	TX	29.5827	-95.7622
Richardson	Circle	TX	32.9607	-96.733
Rancho Viejo	Circle	TX	26.0448	-97.5499
Portland	Circle	TX	27.8817	-97.3192
Port Isabel	Circle	TX	26.0774	-97.2084
Plum Grove	Circle	TX	30.2202	-95.0958
Pleasanton	Circle	TX	28.9674	-98.4788
Plano	Circle	TX	33.0208	-96.6992
Pinehurst	Circle	TX	30.1743	-95.6836
Pecos	Circle	TX	31.4256	-103.4942
Pearland	Circle	TX	29.5524	-95.2553
Pasadena	Circle	TX	29.6908	-95.1957
Pantego	Circle	TX	32.7183	-97.1492
Overton	Circle	TX	32.2749	-94.9784
Ore City	Circle	TX	32.8005	-94.7209
Orange Grove	Circle	TX	27.9574	-97.938
Odessa	Circle	TX	31.8492	-102.3752
North Zulch	Circle	TX	30.9143	-96.1076
Nixon	Circle	TX	29.2675	-97.764
Newark	Circle	TX	33.002	-97.4832
New Caney	Circle	TX	30.1548	-95.2135
New Braunfels	Circle	TX	29.6989	-98.1209
Nacogdoches	Circle	TX	31.6036	-94.6556
Morgans Point Resort	Circle	TX	31.1538	-97.4709
Montgomery	Circle	TX	30.3886	-95.6963
Mission	Circle	TX	26.2156	-98.3258
Mineola	Circle	TX	32.664	-95.4879
Mesquite	Circle	TX	32.7834	-96.6021
McKinney	Circle	TX	33.199	-96.615
McAllen	Circle	TX	26.2074	-98.2294
Mathis	Circle	TX	28.0947	-97.8289
Marfa	Circle	TX	30.3125	-104.0217
Marble Falls	Circle	TX	30.5766	-98.2731
Mansfield	Circle	TX	32.5651	-97.1419
Lufkin	Circle	TX	31.3424	-94.7183
Lubbock	Circle	TX	33.5845	-101.845
Longview	Circle	TX	32.5006	-94.7406
Livingston	Circle	TX	30.7109	-94.9378
Liverpool	Circle	TX	29.3027	-95.2825
Lewisville	Circle	TX	33.0472	-96.9959
League City	Circle	TX	29.5025	-95.0946
Laredo	Circle	TX	27.5309	-99.5022
Lantana	Circle	TX	33.0942	-97.1314
Lampasas	Circle	TX	31.0674	-98.1836
Lamesa	Circle	TX	32.7365	-101.9517
Lake Jackson	Circle	TX	29.0344	-95.4463
Lago Vista	Circle	TX	30.4532	-97.9876
LaCoste	Circle	TX	29.3101	-98.8142
La Porte	Circle	TX	29.6525	-95.0248
Kingwood	Circle	TX	30.0509	-95.1805
Killeen	Circle	TX	31.1169	-97.7274
Kilgore	Circle	TX	32.3803	-94.869
Kerrville	Circle	TX	30.0516	-99.1453
Kerens	Circle	TX	32.129	-96.2259
Kemp	Circle	TX	32.4429	-96.23
Keller	Circle	TX	32.9309	-97.2265
Katy	Circle	TX	29.7877	-95.8233
Jarrell	Circle	TX	30.8245	-97.6058
Irving	Circle	TX	32.8135	-96.9555
Hurst	Circle	TX	32.8411	-97.1862
Huntsville	Circle	TX	30.7238	-95.5522
Humble	Circle	TX	30.0002	-95.2686
Hughes Springs	Circle	TX	32.9981	-94.6315
Houston	Circle	TX	29.7606	-95.3697
Honey Grove	Circle	TX	33.5829	-95.9096
Holland	Circle	TX	30.8791	-97.4014
Highlands	Circle	TX	29.8189	-95.0535
Highland Village	Circle	TX	33.0854	-97.0534
Hico	Circle	TX	31.9826	-98.0322
Haltom City	Circle	TX	32.8096	-97.2746
Gun Barrel City	Circle	TX	32.3309	-96.1467
Groveton	Circle	TX	31.0556	-95.1273
Groves	Circle	TX	29.9457	-93.9197
Grapevine	Circle	TX	32.9395	-97.0784
Grand Prairie	Circle	TX	32.7477	-97.0072
Granbury	Circle	TX	32.4423	-97.7943
Gordon	Circle	TX	32.5486	-98.3688
Goliad	Circle	TX	28.6682	-97.3891
Glen Rose	Circle	TX	32.2346	-97.7554
Gladewater	Circle	TX	32.5363	-94.9429
Georgetown	Circle	TX	30.6379	-97.677
Garland	Circle	TX	32.9143	-96.6365
Galveston	Circle	TX	29.2953	-94.8079
Gainesville	Circle	TX	33.6243	-97.143
Gail	Circle	TX	32.7715	-101.4407
Fritch	Circle	TX	35.6461	-101.593
Frisco	Circle	TX	33.1506	-96.8335
Freer	Circle	TX	27.8827	-98.6177
Freeport	Circle	TX	28.9496	-95.3443
Fort Worth	Circle	TX	32.751	-97.3309
Fort Hood	Circle	TX	31.1227	-97.7984
Evant	Circle	TX	31.4775	-98.1519
Euless	Circle	TX	32.8397	-97.0915
Elgin	Circle	TX	30.349	-97.371
El Paso	Circle	TX	31.7592	-106.4875
Edna	Circle	TX	28.9781	-96.6462
Edinburg	Circle	TX	26.3012	-98.1608
Eagle Pass	Circle	TX	28.7092	-100.4996
Dripping Springs	Circle	TX	30.1916	-98.0797
Denton	Circle	TX	33.2166	-97.1316
Dell City	Circle	TX	31.9381	-105.2012
Del Valle	Circle	TX	30.2144	-97.6578
Dallas	Circle	TX	32.7782	-96.7954
Dale	Circle	TX	29.9273	-97.5652
Cypress	Circle	TX	29.9758	-95.6779
Crowley	Circle	TX	32.579	-97.3579
Crosby	Circle	TX	29.9066	-95.065
Corsicana	Circle	TX	32.0916	-96.4633
Corpus Christi	Circle	TX	27.7964	-97.4037
Copperas Cove	Circle	TX	31.1242	-97.9036
Converse	Circle	TX	29.5153	-98.3121
Conroe	Circle	TX	30.3122	-95.4559
Concan	Circle	TX	29.4965	-99.7167
Commerce	Circle	TX	33.2504	-95.8982
College Station	Circle	TX	30.6205	-96.3259
Coleman	Circle	TX	31.8272	-99.4268
Clyde	Circle	TX	32.406	-99.4965
Cisco	Circle	TX	32.3877	-98.979
Celina	Circle	TX	33.324	-96.7866
Celeste	Circle	TX	33.2944	-96.198
Cedar Park	Circle	TX	30.5066	-97.8219
Cedar Hill	Circle	TX	32.5887	-96.956
Carthage	Circle	TX	32.166	-94.3418
Carrollton	Circle	TX	32.9756	-96.8902
Campwood	Circle	TX	29.6697	-100.0116
Burleson	Circle	TX	32.5631	-97.3217
Brownsville	Circle	TX	25.9021	-97.4992
Brady	Circle	TX	31.1348	-99.3365
Borger	Circle	TX	35.6679	-101.3904
Boerne	Circle	TX	29.7896	-98.7293
Bivins	Circle	TX	33.0186	-94.199
Beeville	Circle	TX	28.402	-97.7494
Bedford	Circle	TX	32.8405	-97.1419
Beaumont	Circle	TX	30.0862	-94.1014
Baytown	Circle	TX	29.7286	-94.9966
Bay City	Circle	TX	28.983	-95.9694
Ballinger	Circle	TX	31.7396	-99.9471
Azle	Circle	TX	32.8835	-97.5371
Austin	Circle	TX	30.2676	-97.743
Athens	Circle	TX	32.2043	-95.8555
Atascocita	Circle	TX	29.9985	-95.1777
Arlington	Circle	TX	32.7356	-97.1077
Amarillo	Circle	TX	35.2073	-101.8339
Alvin	Circle	TX	29.4238	-95.2454
Alvarado	Circle	TX	32.4069	-97.2108
Allen	Circle	TX	33.1011	-96.6745
Alamo	Circle	TX	26.1839	-98.1232
Abilene	Circle	TX	32.4492	-99.7414
Wylie	Cigar	TX	33.023	-96.5149
Woodway	Cigar	TX	31.4961	-97.2194
Wilmer	Cigar	TX	32.5896	-96.6841
Wills Point	Cigar	TX	32.7076	-96.0088
Wichita Falls	Cigar	TX	33.9083	-98.501
Watauga	Cigar	TX	32.8746	-97.255
Victoria	Cigar	TX	28.8059	-97.0036
Tyler	Cigar	TX	32.3476	-95.2943
Tomball	Cigar	TX	30.0958	-95.6171
Temple	Cigar	TX	31.0975	-97.343
Stagecoach	Cigar	TX	30.1448	-95.7136
Springtown	Cigar	TX	32.9666	-97.6834
Spring	Cigar	TX	30.0845	-95.4193
Silverton	Cigar	TX	34.4742	-101.3032
San Antonio	Cigar	TX	29.4246	-98.4946
Robstown	Cigar	TX	27.7895	-97.6642
Rio Grande City	Cigar	TX	26.3779	-98.8147
Quinlan	Cigar	TX	32.9104	-96.1371
Port Neches	Cigar	TX	29.9914	-93.9586
Port Arthur	Cigar	TX	29.8994	-93.9295
Pleasanton	Cigar	TX	28.9674	-98.4788
Plano	Cigar	TX	33.0208	-96.6992
Pearland	Cigar	TX	29.5524	-95.2553
Pasadena	Cigar	TX	29.6908	-95.1957
Paris	Cigar	TX	33.6613	-95.5636
Orange	Cigar	TX	30.0931	-93.7367
Odessa	Cigar	TX	31.8492	-102.3752
Millsap	Cigar	TX	32.7468	-98.0092
Midland	Cigar	TX	32	-102.0745
Mercedes	Cigar	TX	26.1536	-97.9135
McKinney	Cigar	TX	33.199	-96.615
Marfa	Cigar	TX	30.3125	-104.0217
Lubbock	Cigar	TX	33.5845	-101.845
Longview	Cigar	TX	32.5006	-94.7406
Leander	Cigar	TX	30.5791	-97.853
Lake Jackson	Cigar	TX	29.0344	-95.4463
La Marque	Cigar	TX	29.3709	-94.9718
Kingsville	Cigar	TX	27.5157	-97.8554
Killeen	Cigar	TX	31.1169	-97.7274
Kemah	Cigar	TX	29.5431	-95.0183
Irving	Cigar	TX	32.8135	-96.9555
Huntsville	Cigar	TX	30.7238	-95.5522
Huffman	Cigar	TX	30.025	-95.0844
Howe	Cigar	TX	33.5059	-96.6122
Houston	Cigar	TX	29.7606	-95.3697
Hewitt	Cigar	TX	31.465	-97.1975
Hempstead	Cigar	TX	30.0975	-96.0816
Hallsville	Cigar	TX	32.5046	-94.5734
Groesbeck	Cigar	TX	31.5242	-96.5344
Grapevine	Cigar	TX	32.9395	-97.0784
Gonzales	Cigar	TX	29.5001	-97.4522
Gilmer	Cigar	TX	32.7297	-94.9448
Galveston	Cigar	TX	29.2953	-94.8079
Frisco	Cigar	TX	33.1506	-96.8335
Fort Worth	Cigar	TX	32.751	-97.3309
Fort Davis	Cigar	TX	30.5885	-103.8947
Flower Mound	Cigar	TX	33.0344	-97.0579
Euless	Cigar	TX	32.8397	-97.0915
Electra	Cigar	TX	34.0294	-98.9251
Eldorado	Cigar	TX	30.8605	-100.6007
El Paso	Cigar	TX	31.7592	-106.4875
Edinburg	Cigar	TX	26.3012	-98.1608
Eagle Pass	Cigar	TX	28.7092	-100.4996
Dripping Springs	Cigar	TX	30.1916	-98.0797
Dickinson	Cigar	TX	29.4608	-95.0503
Del Rio	Cigar	TX	29.3662	-100.8982
Dallas	Cigar	TX	32.7782	-96.7954
Corpus Christi	Cigar	TX	27.7964	-97.4037
Copperas Cove	Cigar	TX	31.1242	-97.9036
Cleveland	Cigar	TX	30.343	-95.0896
Cedar Park	Cigar	TX	30.5066	-97.8219
Carrollton	Cigar	TX	32.9756	-96.8902
Burkett	Cigar	TX	31.9978	-99.2255
Bryan	Cigar	TX	30.671	-96.3704
Blanco	Cigar	TX	30.0987	-98.4218
Big Wells	Cigar	TX	28.574	-99.569
Big Spring	Cigar	TX	32.2503	-101.4791
Bertram	Cigar	TX	30.7438	-98.0555
Benbrook	Cigar	TX	32.6786	-97.4526
Beaumont	Cigar	TX	30.0862	-94.1014
Bayview	Cigar	TX	26.1258	-97.3986
Baytown	Cigar	TX	29.7286	-94.9966
Bastrop	Cigar	TX	30.1105	-97.3194
Azle	Cigar	TX	32.8835	-97.5371
Austin	Cigar	TX	30.2676	-97.743
Aurora	Cigar	TX	33.063	-97.5097
Arlington	Cigar	TX	32.7356	-97.1077
Alvin	Cigar	TX	29.4238	-95.2454
Allen	Cigar	TX	33.1011	-96.6745
Wichita Falls	Chevron	TX	33.9083	-98.501
Waxahachie	Chevron	TX	32.3861	-96.8484
The Woodlands	Chevron	TX	30.1575	-95.4558
Spring	Chevron	TX	30.0845	-95.4193
Seagoville	Chevron	TX	32.6488	-96.5412
Santa Fe	Chevron	TX	29.3704	-95.0826
San Marcos	Chevron	TX	29.8861	-97.9282
San Benito	Chevron	TX	26.1323	-97.6314
San Antonio	Chevron	TX	29.4246	-98.4946
San Angelo	Chevron	TX	31.4615	-100.4424
Rancho Viejo	Chevron	TX	26.0448	-97.5499
Pharr	Chevron	TX	26.1949	-98.1837
Pflugerville	Chevron	TX	30.4406	-97.6199
Pecos	Chevron	TX	31.4256	-103.4942
Nederland	Chevron	TX	29.9783	-93.9919
Nacogdoches	Chevron	TX	31.6036	-94.6556
Lufkin	Chevron	TX	31.3424	-94.7183
Lubbock	Chevron	TX	33.5845	-101.845
Lindale	Chevron	TX	32.5165	-95.4099
Lake Worth	Chevron	TX	32.8113	-97.4362
Kyle	Chevron	TX	29.9884	-97.8774
Katy	Chevron	TX	29.7877	-95.8233
Houston	Chevron	TX	29.7606	-95.3697
Helotes	Chevron	TX	29.5636	-98.6867
Georgetown	Chevron	TX	30.6379	-97.677
Gatesville	Chevron	TX	31.4349	-97.7437
Garland	Chevron	TX	32.9143	-96.6365
Frisco	Chevron	TX	33.1506	-96.8335
Fort Worth	Chevron	TX	32.751	-97.3309
Euless	Chevron	TX	32.8397	-97.0915
El Paso	Chevron	TX	31.7592	-106.4875
Denton	Chevron	TX	33.2166	-97.1316
Dallas	Chevron	TX	32.7782	-96.7954
Crockett	Chevron	TX	31.3177	-95.4572
Conroe	Chevron	TX	30.3122	-95.4559
Colorado City	Chevron	TX	32.3881	-100.861
College Station	Chevron	TX	30.6205	-96.3259
Cedar Park	Chevron	TX	30.5066	-97.8219
Bryan	Chevron	TX	30.671	-96.3704
Austin	Chevron	TX	30.2676	-97.743
Arlington	Chevron	TX	32.7356	-97.1077
Amarillo	Chevron	TX	35.2073	-101.8339
Alvarado	Chevron	TX	32.4069	-97.2108
Winnie	Changing	TX	29.8204	-94.3847
Wichita Falls	Changing	TX	33.9083	-98.501
Whitney	Changing	TX	31.9519	-97.3218
Webster	Changing	TX	29.5334	-95.1191
Weatherford	Changing	TX	32.759	-97.801
Waxahachie	Changing	TX	32.3861	-96.8484
Waco	Changing	TX	31.5718	-97.1495
Vidor	Changing	TX	30.1245	-94.0127
Texas City	Changing	TX	29.3928	-94.9251
Sweetwater	Changing	TX	32.4745	-100.3993
San Antonio	Changing	TX	29.4246	-98.4946
Round Rock	Changing	TX	30.509	-97.6772
Rockport	Changing	TX	28.0273	-97.0548
Quitman	Changing	TX	32.7953	-95.4517
Plano	Changing	TX	33.0208	-96.6992
Midland	Changing	TX	32	-102.0745
Martindale	Changing	TX	29.8387	-97.8421
Lubbock	Changing	TX	33.5845	-101.845
Liberty Hill	Changing	TX	30.664	-97.922
Lewisville	Changing	TX	33.0472	-96.9959
Laredo	Changing	TX	27.5309	-99.5022
Lantana	Changing	TX	33.0942	-97.1314
Kingwood	Changing	TX	30.0509	-95.1805
Killeen	Changing	TX	31.1169	-97.7274
Kerrville	Changing	TX	30.0516	-99.1453
Katy	Changing	TX	29.7877	-95.8233
Italy	Changing	TX	32.1861	-96.8882
Irving	Changing	TX	32.8135	-96.9555
Humble	Changing	TX	30.0002	-95.2686
Houston	Changing	TX	29.7606	-95.3697
Haltom City	Changing	TX	32.8096	-97.2746
Hallsville	Changing	TX	32.5046	-94.5734
Grapevine	Changing	TX	32.9395	-97.0784
Gilmer	Changing	TX	32.7297	-94.9448
Georgetown	Changing	TX	30.6379	-97.677
Garland	Changing	TX	32.9143	-96.6365
Galveston	Changing	TX	29.2953	-94.8079
Fort Worth	Changing	TX	32.751	-97.3309
Flower Mound	Changing	TX	33.0344	-97.0579
Florence	Changing	TX	30.8414	-97.7936
Flint	Changing	TX	32.2041	-95.349
Fairfield	Changing	TX	31.7251	-96.1622
Euless	Changing	TX	32.8397	-97.0915
Ennis	Changing	TX	32.3296	-96.6237
El Paso	Changing	TX	31.7592	-106.4875
Dickinson	Changing	TX	29.4608	-95.0503
Denton	Changing	TX	33.2166	-97.1316
Decatur	Changing	TX	33.2347	-97.586
Dallas	Changing	TX	32.7782	-96.7954
Cypress	Changing	TX	29.9758	-95.6779
Crowley	Changing	TX	32.579	-97.3579
Corpus Christi	Changing	TX	27.7964	-97.4037
Copperas Cove	Changing	TX	31.1242	-97.9036
College Station	Changing	TX	30.6205	-96.3259
Chester	Changing	TX	30.9268	-94.5995
Channing	Changing	TX	35.6832	-102.3298
Cedar Park	Changing	TX	30.5066	-97.8219
Carrollton	Changing	TX	32.9756	-96.8902
Buda	Changing	TX	30.0813	-97.8432
Breckenridge	Changing	TX	32.7554	-98.9019
Bowie	Changing	TX	33.5594	-97.8484
Ballinger	Changing	TX	31.7396	-99.9471
Avinger	Changing	TX	32.8969	-94.5509
Austin	Changing	TX	30.2676	-97.743
Anthony	Changing	TX	31.9987	-106.6032
Anson	Changing	TX	32.7513	-99.8968
Amarillo	Changing	TX	35.2073	-101.8339
Abilene	Changing	TX	32.4492	-99.7414
